naam gebied (voormalig deelgemeente);wijknr;BUURT;Veiligheidsindex;Veiligheidsindex -subjectief;Veiligheidsindex -objectief;Veiligheidsbeleving;Diefstal-subjectief;Geweld-subjectief;Inbraak-subjectief;Vandalisme-subjectief;Overlast subjectief;Diefstal-objectief;Geweld-objectief;Inbraak-objectief;Vandalisme-objectief;Overlast objectief;% (zeer) tevreden met de buurt;Gemiddelde score voor gepercipieerde slachtofferkans eigen buurt ;Gemiddelde score voor gepercipieerde slachtofferkans eigen buurt van iemandandres in het hh;Gemiddelde score voor vermijdingsgedrag;Fietsendiefstal komt vaak voor als buurtprobleem;Diefstal uit auto komt vaak voor als buurtprobleem;Autodiefstal eigen buurt afgelopen jaar als percentage van totaal aantal auto's;Diefstal uit auto eigen buurt afgelopen jaar als percentage van totaal aantal auto's;Fietsendiefstal eigen buurt afgelopen jaar als percentage van totaal aantal fietsen;Percentage inwoners slachtoffer geweest van overige diefstal afgelopen jaar in de eigen buurt;Percentage inwoners slachtoffer geweest van tasjesroof zonder geweld afgelopen jaar in de eigen buurt;Bedreiging komt vaak voor als buurtprobleem;Geweldsdelicten komt vaak voor als buurtprobleem;Tasjesroof met geweld komt vaak voor als buurtprobleem;Percentage inwoners slachtoffer geweest van tasjesroof met geweld afgelopen jaar in de eigen buurt;percentage inwoners slachtoffer geweest van bedreiging met geweld afgelopen jaar in de eigen buurt;Percentage inwoners slachtoffer geweest van Mishandeling afgelopen jaar in de eigen buurt;Inbraak in woningen komt vaak voor als buurtprobleem;Percentage inwoners slachtoffer geweest van Poging tot inbraak afgelopen jaar;Percentage inwoners slachtoffer geweest van Inbraak afgelopen jaar;Bekladding muren en/of gebouwen komt vaak voor als buurtprobleem;Vernieling van telefooncellen, bus of tramhokjes komt vaak voor als buurtprobleem;Vernieling aan/diefstal vanaf auto komt vaak voor als buurtprobleem;Vernielde/kapotte banken, vuilnisbakken etc komt vaak voor als buurtprobleem;Percentage inwoners slachtoffer geweest van overige vernieling afgelopen jaar in de eigen buurt;Vernieling aan/diefstal vanaf auto uit eigen buurt afgelopen jaar als percentage van totaal aantal auto's;Overlast van groepen jongeren in de eigen buurt wordt veel als overlastgevend ervaren;Ruziemakende en/of schreeuwende jongeren op straat in de eigen buurt wordt veel als overlastgevend ervaren;Overlast van jongeren die buurtbewoners pesten of intimideren in de eigen buurt wordt veel als overlastgevend ervaren;Drugsoverlast in de eigen buurt wordt veel als overlastgevend ervaren;Heen- en weergeloop van drugsverslaafden in uw straat wordt veel als overlastgevend ervaren;Handel in drugs op straat in de eigen buurt wordt veel als overlastgevend ervaren;Vrouwen en mannen die op straat lastig worden gevallen in de eigen buurt wordt veel als overlastgevend ervaren;Overlast door omwonenden wordt veel als overlastgevend ervaren;Aantal misdrijven van Diefstal uit/vanaf motorvoertuigen per duizend inwoners;Aantal misdrijven van Diefstal van motorvoertuigen per duizend inwoners;Aantal misdrijven van Diefstal van brom-, snor-, fietsen per duizend inwoners;Aantal misdrijven van Zakkenrollerij per duizend inwoners;Aantal misdrijven van Diefstal af/uit/van overige voertuigen per duizend inwoners;Aantal misdrijven van Overige vermogensdelicten per duizend inwoners;Aantal misdrijven van Zedenmisdrijf per duizend inwoners;Aantal misdrijven van Openlijke geweldpleging tegen personen per duizend inwoners;Aantal misdrijven van Bedreiging per duizend inwoners;Aantal misdrijven van Mishandeling per duizend inwoners;Aantal misdrijven van Straatroof per duizend inwoners;Aantal misdrijven van Overval per duizend inwoners;Aantal misdrijven van Inbraak woning per duizend adressen;Aantal misdrijven van Inbraak box/garage/schuur/tuinhuis per duizend adressen;Aantal misdrijven van Vernieling cq zaakbeschadiging per duizend inwoners;Kleine buitenbranden per honderd hectare;Gemiddelde score van graffiti en graffiti-particulier in Productnormering;Aantal meldingen van Veiligheid en Openbare Orde - Drugszaak per duizend inwoners;Aantal meldingen van Leefmilieu - Conflict per duizend inwoners;Aantal meldingen van Leefmilieu - Overlast van/door per duizend inwoners
Charlois;71;Tarwewijk;84;72;95;57;65;76;97;88;49;105;111;101;92;67;59%;2,39;2,34;2,08;36%;14%;0,70%;7%;22%;6,40%;3,80%;13%;14%;10%;1,10%;4,70%;0,50%;20%;4,90%;3%;12%;10%;21%;10%;9%;21%;18%;17%;7,70%;16%;15%;11%;18%;23%;9,2;1,1;8,3;2,6;2,1;10,5;0,5;0,8;4,8;7;1,6;0;10,4;6,7;7,6;25,9;4,6;2,6;37,8;37,5
Charlois;72;Carnisse;81;71;92;64;80;82;75;68;58;119;120;101;60;58;59%;2,19;2,34;2,13;29%;13%;1,30%;8%;16%;4,20%;2,10%;14%;14%;10%;0,00%;4,10%;2,20%;17%;8,20%;9%;17%;12%;18%;8%;9%;36%;17%;19%;5,30%;17%;14%;12%;9%;21%;7,1;1,2;6;0,8;0,9;5,7;0,4;0,2;3,8;5,1;1,7;0;9,8;7;7,9;44,1;4,3;3,5;35,5;42,4
Charlois;73;Zuidwijk;94;91;97;75;124;98;59;102;90;113;101;79;101;92;69%;2,31;2,28;2,05;17%;10%;1,20%;2%;8%;2,50%;0,00%;8%;14%;15%;0,00%;2,30%;0,70%;27%;8,70%;5%;11%;11%;10%;10%;8%;20%;12%;12%;4,30%;8%;5%;9%;6%;16%;6,4;1,1;11;1,1;1,2;8,4;1,1;0,2;3,4;5;1,7;0,5;18,5;6,8;6,7;28,8;4,8;0,9;28,1;36,5
Charlois;74;Oud-Charlois;93;85;100;92;85;74;90;94;75;115;107;100;99;80;71%;2,16;2,3;1,89;24%;15%;0,60%;10%;16%;3,90%;1,90%;11%;12%;10%;0,70%;5,40%;1,60%;18%;4,90%;5%;9%;15%;19%;9%;7%;22%;10%;18%;4,50%;15%;12%;9%;9%;13%;9,9;1,3;4,5;0,5;1;7,3;0,5;0,6;3,5;5,2;0,6;0,4;10,3;6,9;7,2;14,7;4,6;2,3;30,3;32,1
Charlois;75;Wielewaal;111;103;119;102;101;109;59;108;139;150;111;124;103;106;88%;2,23;2,19;1,99;16%;9%;0,00%;2%;17%;14,00%;6,20%;1%;11%;13%;0,00%;10,60%;0,00%;40%;6,80%;2%;1%;19%;9%;6%;12%;16%;4%;1%;1,20%;1%;1%;2%;5%;17%;2,2;0;6,5;0;0;10,8;0;0;3,2;7,5;1,1;1,1;20,2;0;10,8;19;4,9;0;42;42
Charlois;76;Zuidplein;77;96;57;65;97;100;151;92;71;40;59;103;58;27;70%;2,25;2,52;2,1;24%;12%;0,00%;13%;18%;1,90%;1,30%;10%;12%;10%;0,00%;1,50%;1,60%;3%;1,60%;3%;28%;9%;17%;7%;6%;24%;16%;27%;2,00%;17%;13%;8%;21%;5%;37,3;0,8;67,1;95,3;4,1;148,3;0,8;4,1;20,7;30,7;10,8;0;1,3;19,9;26,5;7,7;4,3;3,3;82;82,9
Charlois;77;Pendrecht;78;66;91;40;77;72;32;76;97;110;107;60;97;81;61%;2,46;2,5;2,33;28%;14%;1,30%;6%;14%;4,60%;4,30%;10%;16%;17%;2,10%;1,40%;1,00%;41%;10,50%;5%;12%;9%;19%;7%;13%;27%;18%;13%;2,50%;8%;3%;5%;7%;13%;9,9;2,1;4,3;0,9;0,9;7,8;0,5;0,2;4,2;3,4;1,2;0,5;24,1;8,6;8,6;32;4,8;1,7;31,4;35,7
Charlois;78;Zuiderpark en Zuidrand;68;91;45;70;107;125;44;108;90;36;47;32;79;32;68%;2,1;2,4;2,21;16%;17%;3,40%;7%;2%;5,20%;0,00%;10%;10%;13%;0,00%;0,00%;0,00%;29%;11,80%;11%;11%;17%;16%;14%;8%;8%;15%;8%;3,70%;12%;10%;9%;6%;10%;43,9;2,2;20,8;53,6;6,7;128,1;5,2;8,2;11,2;22,3;22,3;0;24,1;82,5;31,3;5,9;4,7;3,7;51,4;69,2
Charlois;93;Heijplaat;137;143;131;144;168;129;136;129;155;144;139;129;123;118;74%;1,74;1,83;1,71;7%;0%;0,00%;5%;2%;1,10%;0,80%;2%;4%;2%;0,00%;4,40%;0,80%;20%;2,20%;0%;4%;18%;3%;6%;3%;22%;1%;2%;1,10%;1%;1%;1%;3%;8%;3;0;2,3;0,8;0,8;1,5;0,8;0;2,3;2,3;0;0;7,1;2,8;3,8;22;4,9;1,5;15,8;15,8
Charlois;4009;Charlois;84;77;92;68;86;78;68;87;74;104;100;84;98;73;65%;2,28;2,34;2,08;26%;13%;1,00%;6%;15%;4,30%;2,30%;11%;13%;12%;0,70%;3,60%;1,20%;24%;7,20%;5%;12%;12%;17%;9%;9%;24%;14%;15%;4,60%;12%;10%;9%;10%;16%;9,6;1,3;8,1;4;1,4;13;0,7;0,6;4,3;6;1,9;0,3;14,3;8,4;8,4;17,2;4,7;2,2;33,6;37,9
Delfshaven;20;Delfshaven;98;98;97;101;86;100;130;83;89;108;101;129;83;64;76%;2,12;2,09;1,99;27%;9%;1,40%;12%;24%;3,40%;1,00%;7%;10%;4%;0,00%;4,40%;2,40%;11%;3,80%;1%;14%;4%;15%;7%;12%;27%;9%;11%;3,00%;14%;11%;12%;5%;9%;9,8;2,4;8,4;1,3;0,4;7,8;1,2;0,1;4,4;5,5;1,9;0,3;10,4;1,1;9,3;111,6;4,8;2,7;31,5;47
Delfshaven;21;Bospolder;80;63;97;43;69;71;68;81;46;116;106;71;100;93;66%;2,53;2,47;2,29;24%;21%;1,60%;7%;12%;9,90%;2,80%;8%;21%;8%;2,70%;1,90%;1,90%;25%;6,60%;5%;12%;6%;19%;15%;15%;17%;21%;25%;8,30%;17%;13%;18%;13%;15%;8,7;1,1;3,8;1,3;1,1;7,8;0,6;0,7;4,6;7;0,8;0,1;22,4;6,6;7,8;36,1;4,9;1,5;27,1;28
Delfshaven;22;Tussendijken;76;62;90;52;59;79;70;67;47;105;111;55;89;91;54%;2,41;2,4;2,04;27%;23%;0,00%;28%;27%;5,50%;3,10%;13%;15%;12%;0,00%;5,00%;2,00%;29%;7,10%;3%;10%;7%;25%;13%;11%;31%;23%;22%;6,60%;17%;12%;17%;15%;17%;9,7;1;9;4;1,6;11,7;0,1;1,1;4,1;6,5;0,7;0,1;19,8;13,6;9,5;43,2;4,8;1,8;30,4;25,2
Delfshaven;23;Spangen;94;81;106;86;84;99;64;83;72;116;112;104;91;106;72%;2,2;2,2;2,05;23%;18%;0,70%;11%;14%;3,10%;1,80%;10%;15%;6%;0,00%;3,80%;0,70%;33%;5,40%;4%;15%;7%;21%;13%;9%;23%;23%;24%;9,00%;7%;3%;6%;11%;14%;10,9;1,4;3,9;0,7;0,9;4,4;0,6;0,6;3,6;5;1;0,1;9,9;6,4;7;58,3;4,8;1;21,7;26
Delfshaven;24;Nieuwe Westen;102;97;108;101;79;101;135;91;72;105;121;134;88;95;72%;2,1;2,11;1,93;24%;13%;5,70%;16%;22%;2,60%;0,40%;10%;13%;5%;0,00%;3,90%;0,80%;12%;2,30%;2%;17%;8%;16%;9%;9%;21%;18%;21%;5,90%;10%;6%;12%;11%;11%;12,4;1,7;9,5;1,1;1;6;0,5;0,2;3,2;4;0,6;0,1;10,4;0,7;6,6;69,4;4,8;1,5;22,2;31,4
Delfshaven;25;Middelland;94;91;97;114;58;103;133;78;58;102;101;127;87;69;76%;2,02;2,06;1,88;32%;23%;3,50%;14%;29%;3,00%;0,60%;7%;9%;5%;0,30%;3,40%;0,70%;12%;2,30%;2%;19%;5%;19%;5%;10%;31%;18%;20%;4,50%;17%;22%;18%;10%;11%;14,6;1,4;11,4;1,9;1;8;0,6;0,5;3,2;5,2;1,7;0,5;9,1;2,1;5,4;42,6;4,6;3;29,9;37,8
Delfshaven;29;Schiemond;111;107;116;102;100;135;83;130;91;119;114;139;100;108;75%;2,08;2,08;2;18%;13%;1,40%;5%;11%;3,60%;1,50%;4%;6%;3%;0,00%;2,30%;0,00%;16%;7,60%;6%;11%;1%;15%;3%;7%;15%;14%;16%;6,20%;9%;6%;5%;6%;10%;8,7;0,6;5;1,2;1,2;8,1;1;1,2;3,6;3;0;0,2;4,5;3;5,8;40,8;4,9;1,2;17,1;25,4
Delfshaven;3004;OudMathenesse/Witte Dorp;94;78;109;75;78;90;77;64;84;105;117;130;108;85;57%;2,18;2,22;1,98;23%;12%;2,60%;9%;24%;4,80%;3,00%;6%;7%;6%;0,80%;4,70%;1,70%;18%;7,70%;6%;24%;11%;18%;10%;12%;29%;10%;13%;5,00%;9%;9%;8%;10%;13%;13,4;1,8;5,9;1,2;1,2;5,9;0,5;0,1;3,7;4,2;0,7;0,1;6,9;2,7;7;14;4,7;2,1;23,6;34
Delfshaven;4001;Delfshaven;92;83;100;88;72;91;99;83;66;108;110;109;88;88;69%;2,18;2,18;2;25%;16%;2,80%;13%;21%;4,00%;1,50%;9%;12%;6%;0,40%;3,70%;1,20%;18%;4,60%;3%;16%;7%;18%;9%;10%;24%;18%;20%;6,00%;12%;10%;12%;10%;12%;11,5;1,5;7,7;1,5;1;7,1;0,6;0,5;3,7;4,9;0,9;0,2;11,3;3,9;7,1;51,5;4,8;1,8;25,2;32
Feijenoord;17;Kop van Zuid;119;130;108;157;101;101;135;134;149;108;103;155;84;91;91%;1,73;1,77;1,76;20%;7%;1,20%;2%;16%;8,50%;2,70%;5%;4%;3%;1,80%;3,60%;1,20%;6%;3,60%;4%;7%;2%;6%;4%;7%;17%;3%;4%;0,00%;7%;0%;3%;6%;5%;9,6;0,5;32,3;5,8;0;28,5;1,4;1,9;6,3;4,3;1;0;1,8;1,8;7,7;157,7;4,8;2,4;22,7;26
Feijenoord;79;Kop van Zuid-Entrepot;106;100;111;114;87;87;117;106;92;98;112;112;113;119;78%;2,04;2,03;1,92;19%;16%;2,50%;6%;14%;5,20%;1,10%;7%;8%;7%;1,80%;2,60%;1,70%;20%;2,10%;2%;16%;8%;17%;8%;7%;18%;10%;11%;5,50%;8%;7%;7%;6%;13%;10,3;2,8;9;1,4;1,4;8,9;0,2;0,2;2;2,4;1,8;0,6;14,2;2;4,6;13,7;4,7;0,8;16,4;21
Feijenoord;80;Vreewijk;80;78;83;78;92;78;33;85;101;103;105;55;69;82;76%;2,32;2,29;2,09;26%;12%;1,30%;5%;11%;6,60%;0,30%;9%;10%;8%;1,20%;3,20%;2,60%;52%;8,70%;5%;14%;13%;19%;10%;8%;24%;10%;11%;2,00%;10%;8%;6%;3%;13%;9,4;2;7,7;0,5;1,8;12,5;0,9;0,4;4,8;5,8;1,4;0,1;32,5;5,5;10,1;14,2;4,2;1,6;31,6;36,3
Feijenoord;81;Bloemhof;76;61;90;55;76;64;49;66;58;107;105;88;63;87;60%;2,4;2,36;2,12;23%;19%;0,90%;8%;17%;4,50%;2,60%;10%;13%;12%;2,00%;3,60%;2,70%;30%;10,70%;5%;12%;7%;22%;15%;11%;31%;18%;21%;7,40%;19%;15%;12%;6%;15%;8,8;2,1;5,7;0,4;1,6;7,7;0,4;1;3,9;5;1;0,4;19,7;3,8;7,8;50,6;4,4;1,7;32,6;29,2
Feijenoord;82;Hillesluis;82;73;91;81;84;78;77;65;56;111;96;93;75;82;65%;2,22;2,27;1,95;23%;14%;3,40%;7%;19%;2,60%;1,60%;13%;17%;10%;0,70%;4,10%;0,40%;27%;6,50%;3%;17%;15%;23%;18%;7%;29%;25%;25%;7,20%;16%;12%;13%;7%;13%;6,8;1,7;7,3;1,9;1,2;8,4;0,3;1,3;5,8;6,9;2;0,3;14,6;5,4;8,7;93,3;4,7;1,5;36;33,5
Feijenoord;85;Katendrecht;113;114;113;118;133;114;76;133;111;122;117;107;102;117;81%;2,06;2,04;1,86;14%;4%;0,80%;1%;10%;3,30%;1,90%;4%;4%;2%;0,60%;4,60%;0,60%;32%;5,50%;2%;10%;5%;6%;2%;8%;15%;11%;15%;3,60%;5%;3%;4%;2%;9%;5,9;0,9;7,8;1,3;0,7;7,6;0,7;0;2,2;4,6;0,4;0,4;13,8;2,9;5,9;32,7;4,8;0,9;18,3;20,4
Feijenoord;86;Afrikaanderwijk;78;66;90;57;67;90;75;59;50;103;104;83;50;107;63%;2,4;2,45;2,06;22%;19%;3,90%;22%;13%;3,80%;4,00%;12%;14%;11%;0,50%;2,10%;0,50%;26%;4,60%;5%;18%;12%;24%;17%;10%;30%;23%;21%;8,80%;18%;13%;14%;9%;17%;7,7;1,7;7,3;7,7;1,6;9,6;0,4;1,1;4;5,1;1,6;0,2;18,6;5,5;7,9;63,8;3,9;0,6;28,1;25,2
Feijenoord;87;Feijenoord;86;76;97;62;87;83;77;73;72;104;113;57;103;107;71%;2,37;2,45;2,15;25%;14%;1,30%;6%;17%;3,30%;2,10%;13%;15%;11%;0,00%;3,10%;2,40%;24%;5,70%;5%;19%;26%;15%;19%;7%;23%;16%;13%;4,20%;14%;12%;11%;11%;13%;11,4;2,6;6;0,4;1,4;4,7;0,4;0,4;3,6;4,2;0,4;0,3;17,5;15,2;6,8;19;4,7;0,7;25,7;25,9
Feijenoord;88;Noordereiland;123;138;108;159;104;150;170;119;123;82;128;131;102;98;88%;1,75;1,79;1,68;23%;7%;1,20%;3%;20%;2,90%;1,60%;2%;3%;1%;0,00%;2,10%;0,00%;5%;1,40%;1%;9%;4%;9%;6%;6%;23%;6%;7%;0,00%;10%;4%;10%;2%;8%;17,6;5,8;19,1;0,3;0,6;7,3;0;0,3;3,9;3;0;0,3;4,6;4,6;13,4;13,5;4,9;0,9;25,8;31,3
Feijenoord;4007;Feijenoord;86;79;93;83;85;80;67;81;76;103;105;85;76;94;71%;2,24;2,25;2,01;23%;14%;1,90%;7%;15%;4,50%;1,80%;9%;11%;9%;1,10%;3,30%;1,60%;30%;6,50%;4%;14%;12%;18%;13%;8%;25%;16%;16%;5,10%;13%;10%;10%;6%;13%;9,1;2,1;8,4;1,8;1,4;9,3;0,5;0,7;4,1;5;1,2;0,3;18,5;5,2;8;36,6;4,5;1,3;28,4;29
Hillegersberg-Schiebroek;60;Schiebroek;110;107;113;124;94;120;85;101;119;115;120;109;111;109;81%;2,07;1,96;1,81;24%;7%;1,30%;5%;16%;7,70%;2,30%;6%;3%;3%;0,00%;3,10%;1,20%;22%;7,30%;3%;10%;15%;12%;7%;7%;22%;10%;8%;2,90%;4%;2%;1%;4%;14%;8;1,5;9;0,6;0,6;6,9;0,6;0,2;2,5;4,2;0,7;0,1;10,4;4,5;10,3;11,4;4,9;0,6;21;29,2
Hillegersberg-Schiebroek;61;Hillegersberg-zuid;138;151;125;170;123;158;155;133;168;92;141;144;112;134;92%;1,73;1,68;1,61;15%;6%;0,60%;5%;11%;3,40%;1,10%;2%;0%;0%;0,00%;1,60%;0,50%;8%;1,60%;1%;9%;2%;9%;3%;6%;19%;1%;2%;0,40%;1%;1%;1%;2%;3%;18,3;1,9;13;0,4;1,8;9,1;0,1;0;1,5;2,4;0,6;0;7,1;0,8;5,7;7,7;4,6;0,6;9,6;16,9
Hillegersberg-Schiebroek;62;Hillegersberg-noord;129;140;119;160;124;143;139;118;154;100;126;117;130;123;92%;1,85;1,73;1,69;10%;8%;1,10%;6%;8%;3,60%;1,20%;4%;2%;1%;0,00%;1,30%;0,50%;10%;3,50%;1%;4%;5%;13%;5%;6%;24%;2%;4%;1,40%;2%;3%;1%;1%;4%;9,9;3,5;7,3;1;1;9,3;0,1;0,3;3,1;1,8;0,5;0,1;12,9;1,8;6,1;7,4;4,9;0,8;13,3;20,7
Hillegersberg-Schiebroek;64;Terbregge;141;143;139;176;129;134;130;134;153;137;139;121;144;153;95%;1,59;1,49;1,56;3%;10%;1,80%;3%;7%;5,40%;1,40%;2%;2%;1%;0,00%;4,80%;0,90%;11%;2,80%;2%;2%;4%;8%;4%;8%;16%;3%;5%;3,90%;1%;1%;2%;2%;2%;5,1;1,7;2,3;0;0;4,8;0,3;1,1;0,6;2;0;0;12,2;1,5;2,8;3,4;4,9;0,3;8,4;9,8
Hillegersberg-Schiebroek;65;Molenlaankwartier;140;146;133;171;131;178;98;121;178;114;146;116;129;162;96%;1,78;1,64;1,65;8%;9%;1,50%;6%;8%;2,00%;0,50%;0%;0%;1%;0,00%;0,30%;0,00%;22%;4,30%;2%;2%;7%;12%;7%;6%;21%;3%;1%;0,80%;1%;0%;0%;0%;3%;8,4;2,5;3,8;0,4;0,6;7;0;0;0,9;1,3;0,1;0,1;11,9;2,3;7,5;6,4;5;0,3;3,5;10
Hillegersberg-Schiebroek;4004;Hillegersberg-Schiebroek;124;129;120;155;112;137;111;115;143;108;127;118;122;127;89%;1,88;1,77;1,7;15%;7%;1,20%;5%;11%;5,00%;1,50%;3%;2%;2%;0,00%;2,10%;0,70%;16%;4,70%;2%;6%;8%;11%;6%;6%;21%;5%;5%;1,90%;2%;2%;1%;2%;7%;10;2,1;7,9;0,5;0,9;7,6;0,3;0,2;2;2,7;0,5;0,1;10,6;2,7;7,5;8,3;4,9;0,6;13,3;20,4
Hoek van Holland;1;Strand en duin;136;147;126;167;152;133;121;131;175;128;130;100;135;135;97%;1,92;1,73;1,59;11%;2%;0,00%;3%;9%;0,60%;1,30%;4%;0%;2%;0,00%;4,20%;1,80%;15%;2,40%;2%;1%;15%;12%;12%;6%;8%;4%;4%;0,00%;1%;0%;0%;1%;4%;3,4;0;3,4;3,4;1,5;18,2;1;0,5;1,5;3,9;0;0;15,2;3,5;6,4;2,2;4,9;0,5;9,4;18,7
Hoek van Holland;3001;Dorp/Rijnpoort;140;144;136;173;134;136;135;126;159;142;144;129;135;132;91%;1,73;1,61;1,53;14%;4%;0,00%;2%;6%;5,20%;2,00%;2%;1%;1%;0,00%;3,50%;1,40%;8%;3,80%;2%;4%;7%;8%;10%;7%;15%;5%;4%;1,10%;1%;1%;0%;1%;4%;1,9;0,1;7,2;0,9;0,2;5,1;0,1;0,1;1,6;2,2;0;0;4,9;4,6;5,4;2;4,8;0,5;12,1;18,3
Hoek van Holland;4012;Hoek van Holland;139;144;134;173;137;134;132;128;160;138;140;122;136;132;92%;1,77;1,63;1,54;14%;4%;0,00%;2%;7%;4,30%;1,90%;3%;1%;1%;0,00%;3,60%;1,50%;10%;3,60%;2%;3%;9%;8%;11%;7%;14%;5%;4%;0,90%;1%;1%;0%;1%;4%;2,2;0,1;6,4;1,4;0,5;7,7;0,3;0,2;1,6;2,6;0;0;6,8;4,4;5,6;2,1;4,9;0,5;11,6;18,4
Hoogvliet;92;Hoogvliet-noord;124;119;130;119;134;122;110;115;112;130;124;136;130;130;85%;2,02;2,04;1,94;18%;7%;0,70%;0%;8%;3,20%;0,00%;7%;7%;5%;0,00%;1,30%;0,50%;18%;4,10%;2%;7%;6%;12%;4%;7%;22%;8%;8%;2,30%;8%;5%;4%;6%;9%;3,7;1,1;3,4;0,3;0,6;5,6;0,5;0,3;2;3,6;0,2;0,1;7,4;1,6;3,8;3,2;4,7;0,3;16,1;18,9
Hoogvliet;99;Hoogvliet-zuid;125;123;127;133;134;111;118;111;129;135;121;132;118;128;86%;1,96;1,96;1,81;17%;5%;0,30%;2%;7%;5,10%;0,00%;7%;6%;3%;0,00%;4,70%;1,30%;12%;5,40%;2%;10%;11%;12%;7%;6%;20%;7%;8%;0,50%;6%;6%;4%;2%;6%;3,1;0,7;4,2;1,2;0,3;6;0,5;0,5;2;2,5;0,4;0,2;8,7;1,5;4,7;6,3;4,6;0,4;13,5;21,7
Hoogvliet;4011;Hoogvliet;124;121;128;128;133;114;114;112;122;133;122;133;123;128;86%;1,98;1,99;1,86;17%;6%;0,50%;1%;7%;4,40%;0,00%;7%;6%;3%;0,00%;3,50%;1,00%;14%;5,00%;2%;9%;10%;12%;6%;6%;20%;7%;8%;1,20%;6%;5%;4%;3%;7%;3,3;0,8;3,9;0,9;0,4;5,8;0,5;0,4;2;2,9;0,3;0,1;8,3;1,5;4,4;4,7;4,7;0,4;14,4;20,7
IJsselmonde;83;Oud IJsselmonde;112;115;109;131;124;103;91;118;123;82;116;109;122;116;83%;2,02;1,96;1,76;8%;8%;2,00%;4%;4%;7,30%;1,40%;7%;6%;3%;0,80%;3,20%;0,80%;22%;5,60%;3%;4%;13%;11%;6%;9%;15%;7%;6%;3,20%;7%;3%;4%;2%;7%;23,1;3,5;7;2,5;1,3;16,7;0,3;1,2;1,8;6,4;0,2;0,2;10,2;4,7;8,2;3,1;4,8;1,2;16,4;19,4
IJsselmonde;84;Lombardijen;93;87;99;71;99;94;59;92;108;115;113;82;92;92;67%;2,3;2,28;2,09;21%;11%;2,50%;5%;10%;3,70%;1,30%;8%;9%;10%;0,60%;2,40%;0,80%;34%;5,10%;5%;10%;17%;14%;16%;8%;19%;12%;9%;2,40%;6%;4%;5%;5%;10%;6,7;1,3;6,2;0,8;1,2;8,8;0,5;0,5;2,9;4,1;1,1;0,1;15,6;8;6,9;10,3;4,4;1,5;25,8;29,9
IJsselmonde;90;Beverwaard;98;86;110;89;76;81;80;83;107;122;108;100;116;102;69%;2,2;2,14;1,99;27%;18%;2,50%;6%;12%;4,20%;2,00%;13%;15%;7%;0,50%;3,60%;1,20%;30%;4,20%;3%;14%;15%;22%;13%;8%;20%;14%;13%;3,60%;6%;2%;3%;6%;9%;4,4;2;3;0,4;0,7;8,1;0,9;0,6;3,6;2,8;0,7;0,3;20;1,7;6,7;11,4;4,8;1,5;20,5;24,8
IJsselmonde;1009;Groot IJsselmonde-Noord;101;87;116;68;110;77;80;92;94;102;113;115;125;125;74%;2,33;2,38;2,18;18%;9%;0,80%;3%;7%;4,70%;2,30%;12%;15%;17%;1,50%;1,20%;0,70%;36%;3,50%;2%;12%;17%;19%;12%;7%;18%;17%;16%;6,50%;5%;2%;5%;8%;13%;7,7;2,5;6,4;1,8;1,7;12,6;0,3;0,8;2,9;2,9;0,6;0,4;11,7;2,6;5;12,2;4,9;0,4;16,7;20,6
IJsselmonde;1010;Groot IJsselmonde-Zuid;95;83;108;80;92;92;32;94;108;112;110;87;123;108;73%;2,31;2,29;2,03;22%;14%;0,00%;5%;14%;7,80%;1,70%;10%;9%;13%;0,30%;2,50%;0,70%;40%;9,10%;8%;11%;18%;13%;10%;8%;21%;13%;11%;1,60%;8%;5%;3%;4%;12%;7;2;4,6;0,4;1,5;7,4;0,4;0,3;2;3,4;1;0,6;22,3;2,9;5,7;8,3;4,8;1,2;20,1;23,3
IJsselmonde;4008;IJsselmonde;97;87;107;82;95;87;60;93;105;108;110;94;116;107;72%;2,26;2,24;2,04;20%;13%;1,40%;5%;10%;5,50%;1,80%;10%;11%;11%;0,70%;2,50%;0,80%;34%;5,70%;4%;11%;17%;16%;12%;8%;19%;13%;11%;3,30%;6%;3%;4%;5%;11%;8,2;2,1;5,3;1;1,3;9,9;0,5;0,6;2,7;3,6;0,8;0,4;16,8;4;6,3;9,2;4,7;1,2;20,4;24,2
Kralingen-Crooswijk;14;Rubroek;97;96;99;113;76;91;122;84;91;99;117;97;89;91;80%;2,07;2,04;1,94;29%;11%;2,40%;12%;24%;3,50%;2,00%;9%;8%;5%;1,10%;2,60%;1,50%;11%;4,30%;3%;12%;5%;11%;9%;11%;29%;12%;16%;6,00%;7%;4%;7%;8%;10%;14,2;1,7;13,2;1,6;1,2;6,7;0,5;0,2;2,9;3,7;1;0,1;10,4;7,7;7,3;69,8;4,8;1,6;20,8;35,8
Kralingen-Crooswijk;36;Nieuw Crooswijk;110;106;114;105;108;109;87;119;106;107;140;112;117;95;79%;2,19;2,13;1,86;25%;6%;0,00%;6%;18%;1,80%;2,40%;10%;7%;4%;0,00%;1,50%;2,30%;21%;3,30%;6%;13%;12%;12%;6%;4%;19%;8%;10%;4,20%;9%;7%;6%;3%;8%;6,6;2,2;8,4;0,4;1,5;11,8;0;0;4;2,9;0,4;0;11,2;3,4;6,6;15,5;4,9;1,8;23,9;26,4
Kralingen-Crooswijk;37;Oud Crooswijk;91;79;104;84;82;65;88;97;60;119;110;86;107;96;65%;2,22;2,17;1,97;27%;16%;0,00%;11%;15%;4,50%;2,60%;13%;12%;6%;1,40%;4,70%;3,30%;20%;5,00%;4%;21%;7%;19%;9%;9%;16%;22%;21%;8,40%;13%;10%;13%;7%;15%;5,4;1,6;5,9;0,9;0,7;8,1;0,9;0,9;5,9;6;0,7;0;13,5;8,4;9,7;20,6;4,9;1,2;30,5;26,3
Kralingen-Crooswijk;41;Kralingen-west;95;91;99;93;74;91;109;97;81;96;114;107;85;92;78%;2,19;2,16;2,06;33%;12%;1,80%;5%;25%;4,00%;2,10%;7%;7%;6%;0,40%;5,30%;1,90%;17%;4,80%;2%;8%;5%;15%;7%;10%;24%;21%;18%;5,30%;6%;6%;7%;8%;13%;10,1;2,6;16,6;0,9;1,3;7,9;0,7;0,4;2,9;3,7;0,6;0,2;10,3;5,2;7,3;52;4,7;1;20,8;43
Kralingen-Crooswijk;45;De Esch;113;114;112;125;94;129;132;92;111;77;110;150;122;101;80%;1,89;1,97;1,93;18%;19%;2,20%;7%;16%;1,70%;0,60%;3%;5%;4%;0,00%;2,50%;0,40%;12%;2,20%;2%;9%;7%;24%;3%;9%;27%;9%;10%;1,50%;8%;3%;7%;4%;11%;29,6;4,4;13,1;1,8;0,7;16,8;0,9;0,2;2,1;3,9;0,7;0,5;3,4;2,1;7,8;6,5;4,9;2,1;16,8;24,8
Kralingen-Crooswijk;47;Struisenburg;134;142;126;154;98;161;167;121;150;111;142;138;100;137;90%;1,73;1,79;1,8;27%;7%;3,10%;3%;17%;4,00%;0,40%;0%;0%;2%;0,20%;0,40%;0,00%;8%;2,10%;0%;11%;3%;10%;0%;7%;24%;4%;4%;2,10%;1%;1%;3%;2%;5%;9,9;1,6;7,9;0,4;0,8;8,7;0,2;0,2;1,2;0,6;0,4;0;7,4;1,4;5,9;25,6;4,7;0,6;7,9;17,3
Kralingen-Crooswijk;3005;Kralingen Oost/Kralingse Bos;124;138;110;171;95;143;129;132;160;74;110;102;132;134;96%;1,84;1,72;1,6;25%;8%;2,60%;6%;23%;2,50%;1,30%;4%;2%;3%;0,00%;2,30%;0,00%;10%;3,40%;2%;3%;2%;7%;3%;8%;21%;1%;4%;0,80%;1%;0%;1%;2%;6%;22;2,9;22,9;2,5;1,8;17,6;1;0,5;2,3;4;1,5;0,1;15,1;3,3;5,8;4,5;4,9;0,4;8,1;22,5
Kralingen-Crooswijk;4005;Kralingen-Crooswijk;104;102;106;117;82;99;115;101;97;95;114;106;112;102;81%;2,05;2,02;1,91;28%;12%;1,90%;7%;21%;3,50%;1,70%;7%;6%;5%;0,50%;3,40%;1,50%;14%;4,00%;2%;11%;5%;14%;6%;9%;23%;13%;13%;4,50%;6%;5%;6%;6%;10%;13,3;2,4;13,8;1,2;1,2;10,2;0,7;0,4;3,1;3,8;0,8;0,1;10,6;5,1;7,3;15,8;4,8;1,1;19;31,3
Noord;15;Agniesebuurt;83;86;79;79;95;92;103;87;57;88;84;96;56;74;76%;2,27;2,26;2,14;22%;11%;1,20%;10%;21%;3,80%;0,30%;10%;5%;4%;1,60%;2,00%;1,90%;15%;4,50%;4%;27%;7%;19%;9%;10%;19%;22%;23%;11,30%;7%;10%;9%;11%;19%;10,6;3,7;24,6;2,2;0,5;16,8;1,5;1,2;5,7;7,6;2,2;0,5;10,3;8,2;14;44,7;4,4;1,2;30,3;51,7
Noord;16;Provenierswijk;98;96;101;109;78;96;141;80;73;107;112;117;68;99;79%;1,95;2,13;2,01;35%;13%;0,90%;6%;24%;3,30%;0,80%;13%;9%;9%;0,00%;3,40%;1,00%;10%;1,90%;2%;24%;1%;17%;8%;16%;24%;22%;24%;3,70%;15%;5%;9%;6%;13%;6,5;0,6;19,7;4,8;1,1;14,1;0;0,9;3;7,1;1,7;0,2;11,8;2,2;10,4;50;4,6;1,1;19,9;33,5
Noord;31;Bergpolder;123;127;119;149;98;130;159;110;114;107;135;143;99;112;83%;1,81;1,85;1,71;25%;6%;1,70%;10%;26%;3,10%;0,40%;3%;2%;2%;0,00%;2,20%;1,90%;5%;3,10%;1%;9%;1%;9%;2%;8%;31%;7%;7%;3,00%;6%;3%;6%;4%;11%;10,8;1,3;16,4;0,1;1;6;0,4;0,1;1,8;1,4;0,6;0;6,7;1;4,5;31,8;4,7;0,9;12,2;31,2
Noord;34;Liskwartier;112;110;114;133;75;98;133;93;125;97;121;121;112;119;81%;1,94;1,88;1,82;33%;7%;1,10%;8%;27%;7,40%;2,50%;6%;7%;5%;0,50%;4,60%;1,10%;7%;4,20%;3%;14%;3%;15%;4%;12%;26%;8%;8%;1,30%;5%;3%;5%;3%;7%;9,2;2,2;21,3;0,9;1,5;5,7;0,3;0,3;2,6;2,4;0,5;0,3;7,4;4,1;7;14;4,8;1,1;15,9;18,9
Noord;35;Oude Noorden;86;73;99;77;78;57;103;77;46;106;113;102;85;87;69%;2,29;2,3;2;34%;11%;0,00%;8%;30%;4,70%;1,90%;16%;18%;9%;1,20%;5,50%;2,80%;17%;5,50%;2%;18%;6%;18%;9%;13%;23%;22%;20%;10,50%;15%;15%;12%;13%;18%;8,2;2;12,9;1,8;0,8;9,7;0,3;0,3;4,6;4,5;0,9;0,2;9,7;7;6,3;39,6;4,6;1,4;26;37,5
Noord;3011;Blijdorp/Blijdorpsepolder;125;137;113;172;99;151;145;114;140;82;122;152;98;111;96%;1,68;1,6;1,62;18%;9%;2,70%;8%;19%;3,90%;0,90%;1%;1%;0%;0,00%;1,50%;0,80%;9%;2,20%;1%;9%;2%;9%;2%;9%;26%;6%;6%;1,20%;3%;2%;3%;2%;5%;24;2;18,7;1,7;1,7;10,8;0,7;0,4;1,9;1,5;0,8;0,1;3,4;1,8;6,5;17,1;4,6;1,4;13;24,7
Noord;4003;Noord;102;99;104;121;83;91;126;91;84;97;114;120;92;99;80%;2;2;1,86;28%;10%;1,30%;9%;25%;4,40%;1,30%;9%;8%;5%;0,60%;3,50%;1,80%;11%;3,80%;2%;15%;3%;14%;6%;11%;25%;14%;14%;5,50%;9%;7%;8%;7%;12%;11,9;1,9;17,4;1,7;1,1;9,7;0,4;0,4;3,3;3,6;1;0,2;7,8;4,1;7,1;26,4;4,6;1,2;19,6;32
Overschie;51;Kleinpolder;111;109;113;107;111;116;119;104;97;111;117;113;115;108;78%;2,06;1,99;2,05;13%;12%;3,60%;7%;4%;5,50%;0,40%;5%;3%;3%;0,30%;2,70%;1,20%;19%;3,40%;1%;16%;12%;19%;5%;6%;18%;15%;8%;3,40%;8%;4%;9%;7%;12%;9,1;2,1;3;0,5;1,3;6,1;0,3;0,1;2,5;4,1;1,1;0,3;11,1;3,4;5,7;11,3;4,7;1,2;16,4;26,9
Overschie;56;Overschie;116;108;124;129;105;115;104;80;112;110;131;130;126;125;81%;1,95;1,91;1,85;16%;14%;4,20%;4%;11%;5,10%;0,00%;7%;5%;3%;0,00%;2,90%;1,70%;16%;5,90%;3%;13%;27%;23%;14%;6%;23%;7%;4%;3,00%;9%;4%;5%;4%;14%;10;3;3,7;0,4;0,7;4,9;0,1;0;2,5;2,2;0,4;0,1;10,7;0,9;6,3;8,7;4,9;1,2;14,7;14,1
Overschie;3006;NoordKethel/Schieveen/Zestienhoven;140;160;121;176;167;162;133;143;178;105;120;77;131;171;95%;1,64;1,42;1,53;0%;5%;1,10%;1%;2%;2,10%;0,00%;1%;2%;0%;0,00%;0,00%;0,90%;12%;3,30%;1%;5%;7%;7%;2%;4%;17%;0%;3%;1,50%;0%;0%;0%;1%;4%;11,8;1,2;0,8;0,8;2,4;31,5;0,8;0;1,6;3,5;0,4;0,4;12,9;12;9,9;0,6;4,9;0;5,9;11,8
Overschie;4002;Overschie;116;114;119;129;114;118;114;97;110;109;122;111;132;120;81%;1,96;1,87;1,89;12%;12%;3,40%;5%;7%;4,90%;0,20%;5%;3%;3%;0,20%;2,40%;1,40%;17%;4,40%;2%;13%;17%;19%;8%;6%;20%;9%;6%;3,00%;7%;3%;6%;5%;11%;9,9;2,3;3;0,5;1,3;9,5;0,3;0,1;2,4;3,3;0,7;0,2;11,2;3,7;6,6;2,3;4,8;1;14,1;19,5
Pernis;91;Pernis;143;145;140;162;132;146;169;122;138;155;140;149;125;132;87%;1,84;1,82;1,56;19%;2%;0,60%;4%;6%;3,10%;0,70%;5%;2%;1%;0,00%;2,30%;0,00%;6%;1,70%;0%;7%;6%;11%;12%;6%;14%;5%;4%;1,40%;4%;2%;1%;3%;9%;2,7;0;2,5;0,2;0;4,2;0;0,8;2,5;2,5;0;0;5,5;0,9;4,4;10,2;4,8;1,3;11,1;11,3
Pernis;4010;Pernis;143;145;140;162;132;146;169;122;138;155;140;149;125;132;87%;1,84;1,82;1,56;19%;2%;0,60%;4%;6%;3,10%;0,70%;5%;2%;1%;0,00%;2,30%;0,00%;6%;1,70%;0%;7%;6%;11%;12%;6%;14%;5%;4%;1,40%;4%;2%;1%;3%;9%;2,7;0;2,5;0,2;0;4,2;0;0,8;2,5;2,5;0;0;5,5;0,9;4,4;10,2;4,8;1,3;11,1;11,3
Prins Alexander;44;s-Gravenland;138;145;130;169;113;163;120;154;153;104;142;139;119;148;94%;1,8;1,68;1,65;14%;12%;1,30%;7%;10%;2,60%;0,50%;1%;0%;1%;0,50%;0,00%;0,00%;13%;3,50%;2%;7%;0%;7%;4%;3%;16%;4%;4%;0,50%;3%;1%;2%;2%;4%;6,7;2,4;14,2;1,1;1,1;6,2;0;0,4;1,1;1,8;0,6;0;10,5;0,3;8,2;3,4;4,7;0,2;7,1;15,1
Prins Alexander;46;Kralingseveer;147;155;138;169;149;150;150;142;173;129;139;150;124;148;88%;1,72;1,61;1,57;6%;8%;1,50%;4%;1%;3,60%;0,00%;1%;1%;0%;0,00%;2,30%;1,10%;16%;0,00%;1%;1%;7%;10%;6%;2%;21%;2%;1%;1,10%;1%;0%;1%;1%;2%;4,7;1,2;4,7;0;0,6;4,1;0;0,6;2,4;4,1;0;0;1,4;2,7;3;2;4,5;0;10;25,4
Prins Alexander;48;Prinsenland;132;135;129;147;138;120;135;140;131;110;138;137;130;130;90%;1,93;1,85;1,73;10%;7%;2,00%;5%;9%;1,80%;0,00%;2%;1%;3%;0,70%;2,90%;1,00%;11%;1,60%;3%;7%;3%;7%;7%;6%;13%;6%;6%;2,40%;4%;3%;3%;3%;6%;9,3;3,3;3,4;0,2;0,7;6,6;0,2;0,1;1,7;2,5;0,3;0;8,4;1;3,6;7;4,8;0,6;14;16
Prins Alexander;49;Het Lage Land;124;131;117;136;125;138;108;134;145;112;132;115;110;113;88%;1,92;1,98;1,82;12%;4%;1,70%;5%;6%;7,80%;1,00%;2%;3%;2%;0,00%;2,50%;0,30%;14%;5,50%;3%;12%;5%;6%;7%;3%;20%;4%;4%;1,70%;1%;1%;2%;3%;6%;8,4;1;6,4;2,5;1,2;9,7;0,5;0,2;2,1;2,4;0,5;0;10,4;3,3;5,4;15,9;4,7;1,2;16,6;21,2
Prins Alexander;63;Ommoord;131;132;129;135;134;140;124;118;144;121;131;130;127;134;93%;1,99;1,98;1,84;12%;6%;2,00%;3%;6%;2,40%;0,60%;2%;2%;4%;0,00%;1,70%;0,40%;21%;0,90%;2%;14%;13%;11%;15%;4%;15%;9%;6%;0,70%;2%;1%;1%;3%;6%;5,8;1,6;4,1;0,6;0,8;5,3;0,4;0,2;1,6;2;0,4;0;9,3;1,5;3,9;4,8;4,7;0,8;9,2;16,3
Prins Alexander;66;Zevenkamp;107;106;108;119;125;105;83;95;111;123;114;96;98;109;80%;2,04;2;1,88;18%;8%;0,00%;2%;11%;6,90%;0,00%;5%;6%;3%;0,50%;4,30%;1,00%;27%;4,10%;3%;22%;7%;11%;11%;10%;18%;11%;10%;3,20%;6%;4%;5%;4%;8%;4,5;1,5;3,9;0,6;0,9;6,2;0,7;0,5;2;4,2;0,3;0,3;17,7;3,1;6,8;16,6;4,6;0,9;18,3;27,3
Prins Alexander;67;Oosterflank;99;96;102;92;96;108;95;98;85;98;106;122;88;94;75%;2,17;2,21;2,01;23%;10%;2,10%;3%;6%;7,30%;2,60%;13%;8%;7%;0,00%;2,10%;0,40%;23%;4,40%;3%;22%;7%;16%;11%;8%;17%;18%;16%;5,30%;9%;7%;4%;9%;12%;8,8;1,6;12,8;7,3;1,3;14,9;0,5;0,8;4,6;5,9;0,9;0,2;7;4,3;9,9;19,9;4,6;1;23,6;35,8
Prins Alexander;68;Nesselande;137;135;138;171;95;141;111;144;149;126;152;122;138;153;94%;1,74;1,69;1,62;21%;18%;0,90%;3%;9%;3,20%;1,60%;3%;2%;2%;0,00%;0,70%;1,00%;17%;3,90%;2%;3%;3%;9%;5%;6%;13%;7%;7%;1,60%;2%;1%;1%;2%;3%;6;1,5;3,9;0,3;0,3;4,8;0;0;1,1;1,8;0,1;0;4,7;6,8;3,3;6,7;4,9;0,2;6,3;11,9
Prins Alexander;4006;Prins Alexander;121;123;120;137;117;124;109;119;129;114;126;120;116;124;88%;1,96;1,93;1,81;15%;8%;1,40%;4%;8%;4,40%;0,80%;4%;3%;3%;0,20%;2,20%;0,60%;19%;3,00%;2%;13%;7%;10%;10%;6%;16%;8%;8%;2,00%;4%;2%;2%;3%;6%;6,7;1,8;6,1;1,5;0,9;7,1;0,4;0,3;2;2,9;0,4;0,1;9,9;2,7;5,5;9,2;4,7;0,7;13,1;20,4
Rotterdam Centrum;10;Stadsdriehoek;97;120;74;144;99;129;129;118;101;56;76;117;61;58;89%;1,94;1,91;1,73;26%;13%;0,00%;6%;20%;2,10%;0,60%;7%;6%;7%;0,00%;1,50%;0,00%;12%;3,00%;2%;16%;2%;13%;4%;8%;17%;9%;14%;3,00%;9%;8%;5%;5%;8%;19,2;2,6;34,3;29,3;2,1;42,8;1;2,7;7,1;10,9;3,7;0,3;7,1;5,5;14,3;37;4,5;2,2;37,8;52,8
Rotterdam Centrum;11;Oude Westen;84;87;81;85;67;82;140;98;51;97;92;97;60;61;73%;2,17;2,22;2,09;28%;12%;2,00%;15%;29%;4,50%;3,50%;13%;11%;7%;1,30%;3,50%;0,70%;12%;3,40%;0%;21%;4%;15%;8%;8%;21%;18%;24%;4,30%;18%;23%;20%;16%;12%;9,5;1,9;13,5;6,4;0,9;19,1;0,2;1,9;4,8;7,7;3,3;0,3;11,4;7;10,7;73,7;4,5;2,5;37,3;47,6
Rotterdam Centrum;12;Cool;66;82;50;100;66;56;151;58;57;31;31;127;44;18;83%;2,18;2,21;1,99;37%;13%;3,00%;7%;28%;3,00%;2,90%;15%;16%;14%;0,60%;8,20%;2,10%;10%;1,70%;1%;31%;6%;17%;8%;15%;31%;17%;27%;3,50%;18%;19%;14%;15%;8%;54,9;2,4;46,4;99,9;3,9;140,2;2,2;8,8;13;41,9;11,4;1;7,7;2,8;23,8;29,5;4,4;4,3;110,5;102,4
Rotterdam Centrum;13;CS-kwartier;85;113;57;133;109;133;126;71;104;50;22;115;74;24;84%;1,83;1,91;1,95;17%;12%;0,00%;0%;17%;8,10%;1,60%;6%;4%;6%;0,00%;2,00%;0,00%;11%;6,20%;1%;31%;8%;16%;8%;13%;25%;10%;15%;0,90%;8%;4%;10%;7%;6%;6,6;0,9;263,7;180,5;7,6;278,8;5,7;7,6;29,3;35,9;10,4;0,9;13,2;1,9;18,9;9,8;4,5;3,8;89,8;80,3
Rotterdam Centrum;3003;Nieuwe Werk/Dijkzigt;111;145;78;175;99;156;182;136;121;28;61;168;93;39;94%;1,7;1,68;1,55;27%;13%;0,00%;9%;12%;1,60%;1,10%;1%;1%;5%;0,00%;0,70%;0,00%;2%;1,60%;0%;5%;0%;12%;1%;8%;18%;6%;6%;1,60%;5%;8%;5%;5%;5%;61,5;4,6;44,1;17;5,5;101,5;0,9;1,8;6,9;17;6,4;0,9;5,4;0;18,4;6,7;4,7;3,2;45;72,5
Rotterdam Centrum;4000;Rotterdam Centrum;84;103;65;123;82;97;138;101;77;46;62;114;62;40;84%;2,02;2,02;1,86;28%;12%;0,90%;9%;22%;3,10%;1,80%;9%;8%;8%;0,50%;3,10%;0,50%;11%;2,90%;1%;20%;3%;14%;6%;9%;20%;13%;18%;3,30%;13%;14%;11%;10%;9%;24,5;2,5;38,4;38;2,4;63,1;1,1;3,5;8,1;16,1;5,2;0,5;8,4;5;15,2;29,5;4,4;2,7;51,4;61,4
Rozenburg;4;Rozenburg;134;131;137;159;145;117;119;113;132;146;147;123;126;141;88%;1,82;1,75;1,68;11%;4%;0,50%;2%;4%;3,40%;0,90%;4%;2%;2%;0,60%;3,20%;0,90%;15%;2,60%;3%;8%;10%;13%;14%;6%;15%;6%;8%;1,30%;5%;2%;2%;3%;8%;1,7;0,2;2,5;0,2;0,4;4,7;0,2;0,1;1,5;1;0;0;9;2,8;4,8;10,8;4,9;0,8;7,2;12,8
Rozenburg;4013;Rozenburg;134;131;137;159;145;117;119;113;132;146;147;123;126;141;88%;1,82;1,75;1,68;11%;4%;0,50%;2%;4%;3,40%;0,90%;4%;2%;2%;0,60%;3,20%;0,90%;15%;2,60%;3%;8%;10%;13%;14%;6%;15%;6%;8%;1,30%;5%;2%;2%;3%;8%;1,7;0,2;2,5;0,2;0,4;4,7;0,2;0,1;1,5;1;0;0;9;2,8;4,8;10,8;4,9;0,8;7,2;12,8
Rotterdam;5000;Rotterdam;102;99;105;111;95;98;97;98;95;102;110;106;106;100;78%;2,08;2,06;1,91;22%;11%;1,50%;6%;14%;4,30%;1,40%;7%;8%;6%;0,50%;3,10%;1,10%;20%;4,70%;3%;13%;9%;15%;9%;8%;21%;12%;12%;3,70%;8%;6%;7%;6%;10%;9,8;1,8;9,7;3,5;1,1;11,6;0,5;0,6;3,3;4,5;1,1;0,2;11,9;4,3;7,2;13,1;4,7;1,3;22,2;28,7
