naam gebied (voormalig deelgemeente);wijknr;BUURT;Sociale Index;Sociale Index subjectief;Sociale Index objectief;Oordeel kwaliteit van leven;Capaciteiten-subjectief;Leefomgeving-subjectief;Meedoen-subjectief;Binding-subjectief;Capaciteiten-objectief;Leefomgeving-objectief;Meedoen-objectief;Binding-objectief;% bewoners dat zegt tevreden te zijn met de kwaliteit van hun leven;% bewoners dat zegt met het huishoudinkomen moelijk rond te kunnen komen ;% bewoners dat zegt slechte gezondheid te ervaren;% bewoners dat zegt gezondheidsbelemmeringen te ervaren;% bewoners dat zegt moeite te hebben met het spreken van Nederlands;% bewoners dat zegt moeite te hebben met het lezen van Nederlands;% bewoners dat zegt moeite te hebben met het schrijven van Nederlands;% bewoners dat zegt behoefte aan taalhulp te hebben;% bewoners dat zegt niet te kunnen doen wat men wil;% bewoners dat zegt de toekomst niet in de hand hebben;% bewoners dat zegt belangrijke dingen niet te kunnen veranderen;% bewoners dat zegt weinig controle over dingen te hebben;% bewoners dat zegt zich vaak hulpeloos te voelen;% bewoners dat zegt problemen soms niet op te kunnen lossen;% bewoners dat zegt dat buurtbewoners elkaar kennen;% bewoners dat zegt zich thuis te voelen bij buurtbewoners;% bewoners dat zegt dat buurtbewoners veel met elkaar om gaan;% bewoners dat zegt dat buurtbewoners elkaar helpen;% bewoners dat zegt dat buurtbewoners elkaars opvattingen delen;% bewoners dat zegt geen problemen met buurtbewoners te hebben;% bewoners dat zegt dat jong en oud goed met elkaar omgaan in de buurt;% bewoners dat zegt dat de omgang tussen etnische groepen in de buurt goed is;% bewoners dat zegt dat de omgang tussen Nederlanders en allochtonen in de buurt goed is;% bewoners dat zegt in de buurt geen discriminatie te ervaren;% bewoners dat zegt dat er in de buurt genoeg plekken zijn voor gezamenlijke bewonersactiviteiten ;% bewoners dat zegt dat er in de buurt genoeg  plekken voor geloofsbetuiging en levensbeschouwlijke bijeenkomsten;% bewoners dat zegt dat er in de buurt genoeg ouderenvoorzieningen zijn;% bewoners dat zegt dat er in de buurt genoeg vrijetijdsvoorzieningen voor jongeren zijn ;% bewoners dat zegt dat er in de buurt genoeg kindersport- en spelplekken zijn;% bewoners dat zegt dat de gemeente voor meedoen zorgt;% bewoners dat zegt dat de gemeente initiatieven ondersteunt;% bewoners dat zegt vertrouwen te hebben in overheidsorganisaties;% bewoners dat zegt over eigen meedoen tevreden te zijn;% bewoners dat zegt geen discriminatie te ervaren in en buiten de eigen woonbuurt;% bewoners dat zegt genoeg belangstelling van anderen te hebben;% bewoners dat zegt met voldoende anderen te kunnen praten;% bewoners dat zegt voldoende hulp van anderen te hebben;% bewoners dat zegt genoeg hulp van familie te hebben;% bewoners dat zegt zich niet in de steek gelaten te voelen;% bewoners dat zegt geluk met de buurt te hebben;% bewoners dat zegt trots op de buurt te zijn;% bewoners dat zegt de buurt leuk te vinden;% bewoners dat zegt geen problemen in de buurt te ervaren;% bewoners dat zegt zich verbonden te voelen met buurt;% bewoners dat zegt zich verantwoordelijk te voelen voor buurt ;% bewoners dat zegt vertrouwen te hebben in deelgemeentebestuur;% bewoners dat zegt zich verbonden te voelen met stad;% bewoners dat zegt vertrouwen te hebben in toekomst stad;% bewoners dat zegt vooruitgang van stad te verwachten;% bewoners dat zegt vertrouwen in gemeentebestuur te hebben;% bewoners met een laag huishoudinkomen;% huishoudens met een bijstandsuitkering ;% bewoners (18 jr en ouder) met schulddienstverlening;% leerlingen in 3e klas havo/vwo;% schoolverlaters (18 t/m 22 jr) zonder startkwalificatie;% bewoners (23 t/m 64 jr) zonder startkwalificatie;% sterfgevallen voor het 65-ste levensjaar;% bewoners (15 t/m 64 jr) met een arbeidsongeschikheidsuitkering;% ongediplomeerde bewoners (18 jr en ouder);% bewoners (18 jr en ouder) dat nog maar kort in Nederland woont;% bewoners dat bekend is met de Vraagwijzer/Servicepunt;% bewoners dat bekend is met maatschappelijk werk;% bewoners dat bekend is met thuiszorgorganisaties;% bewoners dat bekend is met het Steunpunt Mantelzorg;% bewoners dat bekend is met het Centrum voor Jeugd en Gezin;% bewoners dat bekend is met het Advies- en Steunpunt Huiselijk Geweld en Kindermishandeling;% bewoners dat bekend is met schuldhulpverlening;% bewoners dat bekend is met bewonersorganisaties;% bewoners met wekelijkse burencontacten;% bewoners met wekelijkse contacten met overige buurtgenoten;% woningen met overbewoning;% woningen nabij de Vraagwijzer;% woningen nabij het Centrum voor Jeugd en Gezin;% schoolgaande en studerende jongeren (18 t/m 22 jr);% werkende jongeren (18 t/m 22 jr);% werkzoekende jongeren (18 t/m 22 jr) zonder baan;% bewoners (23 t/m 64 jr) met werk;% werkzoekende bewoners (23 t/m 64 jr) zonder baan;% bewoners dat mantelzorg verricht;% bewoners dat actief is als vrijwilligger;% bewoners dat maandelijks een hobbyclub of vereniging bezoekt;% bewoners dat maandelijks deelneemt aan culturele activiteiten ;% bewoners dat wekelijks sport;% bewoners dat maandelijks culturele voorzieningen bezoekt;% bewoners dat maandelijks levensbeschouwelijke en religieuze bijeenkomsten bezoekt;% bewoners dat jaarlijks festivals, evenementen of braderieën bezoekt;% bewoners dat maandelijks uitgaat;% bewoners met wekelijkse familiecontacten;% bewoners met wekelijkse vriendencontacten;% bewoners met wekelijkse burencontacten;% bewoners met wekelijkse contacten met overige buurtgenoten;% bewoners met wekelijkse contacten via internet;% verhuizingen in/naar/uit de buurt;% bewoners dat al lang in buurt woont;% bewoners dat zich actief inzet voor de buurt;% bewoners dat al lang in Rotterdam woont
Charlois;71;Tarwewijk;77;75;80;61;66;91;64;93;72;94;86;67;72%;28%;23%;28%;25%;25%;30%;11%;20%;25%;23%;20%;15%;20%;24%;43%;28%;43%;25%;55%;36%;48%;45%;90%;45%;66%;27%;36%;53%;48%;45%;74%;68%;72%;70%;52%;71%;62%;72%;22%;33%;47%;27%;37%;78%;45%;72%;70%;55%;53%;36%;15%;1,30%;19%;15%;28%;0,38%;5,70%;11%;7,40%;50%;84%;77%;;78%;75%;72%;58%;48%;35%;11%;69%;100%;63%;27%;3,90%;50%;17%;12%;16%;28%;18%;35%;39%;33%;70%;44%;80%;74%;48%;35%;63%;17%;31%;59%;54%
Charlois;72;Carnisse;71;61;81;46;77;70;42;71;82;87;96;60;70%;26%;23%;27%;22%;23%;24%;9%;17%;20%;19%;19%;13%;16%;21%;32%;16%;41%;16%;55%;32%;37%;43%;86%;40%;70%;32%;32%;52%;41%;35%;74%;57%;72%;72%;52%;72%;65%;66%;19%;26%;47%;29%;34%;74%;36%;63%;64%;44%;45%;24%;10%;0,90%;33%;13%;23%;0,30%;5,40%;11%;7,90%;43%;78%;78%;;74%;72%;72%;56%;43%;24%;8%;59%;100%;58%;30%;3,80%;59%;14%;15%;23%;30%;14%;38%;36%;23%;74%;46%;80%;74%;43%;24%;62%;18%;29%;62%;50%
Charlois;73;Zuidwijk;81;76;85;51;75;88;74;94;71;79;88;104;71%;21%;27%;37%;14%;17%;17%;9%;16%;20%;24%;23%;14%;18%;29%;51%;27%;52%;26%;61%;47%;48%;51%;89%;36%;68%;35%;25%;56%;46%;41%;70%;63%;79%;76%;58%;75%;63%;73%;39%;45%;65%;38%;46%;81%;41%;71%;60%;37%;50%;28%;19%;2,10%;31%;18%;27%;0,46%;8,50%;12%;2,60%;59%;84%;82%;;69%;72%;74%;69%;58%;32%;6%;0%;0%;60%;27%;6,50%;52%;21%;12%;21%;36%;13%;43%;37%;21%;71%;47%;81%;75%;58%;32%;53%;12%;41%;59%;67%
Charlois;74;Oud-Charlois;89;93;84;77;86;103;83;118;83;70;100;84;75%;20%;26%;28%;19%;17%;25%;9%;15%;20%;20%;17%;11%;14%;36%;44%;24%;48%;24%;60%;49%;46%;57%;91%;51%;72%;35%;39%;61%;49%;40%;76%;66%;81%;78%;54%;74%;64%;72%;34%;46%;64%;42%;50%;85%;46%;79%;73%;49%;56%;19%;14%;1,10%;31%;14%;22%;0,42%;6,70%;9%;4,60%;47%;87%;84%;;73%;76%;76%;58%;52%;29%;9%;0%;15%;62%;26%;4,40%;55%;15%;18%;22%;26%;19%;36%;40%;21%;79%;52%;78%;73%;52%;29%;62%;15%;39%;52%;61%
Charlois;75;Wielewaal;92;94;91;75;87;122;92;94;63;105;92;103;75%;16%;40%;39%;0%;7%;1%;7%;33%;20%;37%;24%;12%;14%;79%;72%;44%;70%;55%;46%;66%;46%;60%;89%;83%;37%;59%;69%;90%;35%;39%;86%;70%;85%;72%;49%;66%;61%;72%;59%;52%;59%;29%;83%;89%;18%;83%;49%;46%;27%;32%;23%;3,00%;17%;25%;26%;0,91%;11,10%;12%;0,50%;48%;76%;90%;;64%;66%;73%;84%;65%;43%;3%;0%;0%;48%;;;45%;29%;30%;24%;33%;21%;25%;28%;1%;86%;50%;89%;60%;65%;43%;51%;29%;28%;67%;78%
Charlois;76;Zuidplein;97;104;90;143;112;81;88;96;106;90;98;64;86%;12%;20%;22%;13%;15%;18%;8%;21%;14%;14%;13%;10%;11%;18%;34%;10%;41%;18%;73%;34%;36%;46%;89%;34%;65%;25%;27%;45%;46%;40%;81%;61%;80%;87%;56%;68%;82%;88%;31%;37%;59%;28%;38%;72%;48%;70%;74%;51%;50%;18%;8%;0,70%;50%;8%;15%;0,20%;5,70%;3%;2,90%;50%;81%;75%;;69%;75%;72%;55%;35%;17%;6%;100%;100%;63%;31%;;66%;12%;13%;17%;29%;16%;51%;37%;13%;73%;63%;90%;80%;35%;17%;64%;19%;32%;65%;51%
Charlois;77;Pendrecht;90;94;86;108;86;103;69;105;78;68;103;95;80%;21%;20%;26%;15%;15%;18%;10%;18%;21%;22%;20%;15%;15%;31%;50%;25%;50%;32%;70%;39%;52%;57%;91%;47%;74%;37%;28%;54%;52%;42%;73%;64%;76%;76%;59%;76%;64%;76%;30%;45%;63%;30%;51%;82%;42%;74%;69%;47%;53%;26%;19%;1,60%;30%;14%;25%;0,33%;7,80%;9%;3,70%;57%;83%;84%;;72%;71%;73%;64%;54%;34%;9%;0%;0%;65%;24%;6,10%;52%;19%;19%;25%;33%;19%;39%;28%;31%;70%;48%;80%;77%;54%;34%;55%;14%;41%;54%;64%
Charlois;78;Zuiderpark en Zuidrand;99;109;89;135;83;103;112;111;69;94;87;105;85%;23%;29%;33%;0%;10%;6%;5%;25%;36%;24%;17%;15%;35%;50%;54%;36%;55%;52%;77%;40%;14%;30%;93%;40%;68%;44%;25%;69%;39%;44%;86%;63%;93%;78%;58%;70%;67%;80%;61%;51%;70%;51%;59%;81%;48%;80%;60%;23%;61%;16%;21%;0,40%;50%;33%;16%;2,25%;34,40%;17%;1,40%;45%;87%;81%;;72%;69%;68%;69%;57%;27%;6%;18%;53%;38%;;;37%;17%;26%;28%;33%;17%;34%;26%;13%;77%;45%;80%;58%;57%;27%;56%;26%;47%;81%;66%
Charlois;93;Heijplaat;90;78;102;55;86;81;75;94;75;98;109;126;71%;24%;29%;34%;12%;13%;28%;9%;13%;19%;15%;16%;9%;7%;66%;53%;40%;65%;34%;54%;50%;41%;55%;85%;38%;25%;27%;31%;32%;47%;46%;65%;61%;77%;83%;64%;72%;69%;85%;49%;54%;68%;57%;47%;87%;34%;67%;52%;38%;45%;35%;13%;1,30%;22%;22%;44%;0,60%;7,00%;8%;1,60%;56%;88%;86%;;66%;75%;78%;76%;62%;44%;4%;0%;0%;49%;46%;;63%;13%;27%;34%;36%;18%;38%;28%;13%;63%;48%;74%;72%;62%;44%;49%;11%;47%;64%;74%
Charlois;4009;Charlois;84;81;86;72;78;92;66;98;75;89;97;84;74%;23%;24%;29%;18%;19%;22%;9%;18%;21%;21%;20%;13%;17%;30%;45%;24%;48%;25%;61%;41%;45%;50%;90%;44%;69%;33%;32%;55%;47%;41%;74%;64%;77%;75%;55%;73%;64%;73%;31%;40%;58%;34%;44%;80%;42%;72%;67%;46%;52%;26%;15%;1,40%;29%;15%;25%;0,42%;7,20%;10%;4,90%;51%;84%;81%;;73%;73%;73%;62%;51%;31%;8%;26%;42%;61%;27%;4,60%;54%;17%;16%;22%;31%;17%;38%;36%;25%;73%;48%;80%;74%;51%;31%;58%;15%;36%;58%;60%
Delfshaven;20;Delfshaven;92;102;82;93;106;86;99;124;87;75;114;53;78%;21%;18%;26%;15%;12%;18%;6%;14%;13%;11%;11%;9%;12%;29%;50%;22%;46%;20%;70%;38%;49%;51%;95%;32%;42%;16%;17%;42%;47%;46%;79%;69%;77%;83%;66%;85%;74%;82%;33%;49%;76%;38%;47%;82%;46%;77%;78%;57%;62%;25%;20%;1,40%;30%;9%;11%;0,43%;4,80%;5%;5,80%;46%;82%;82%;;69%;80%;77%;61%;42%;21%;8%;2%;100%;77%;20%;4,40%;50%;20%;14%;25%;39%;14%;55%;60%;16%;84%;73%;84%;87%;42%;21%;75%;31%;41%;53%;50%
Delfshaven;21;Bospolder;94;95;94;71;65;126;90;123;81;85;100;109;74%;29%;31%;31%;21%;21%;27%;12%;19%;17%;20%;18%;16%;19%;38%;55%;36%;51%;21%;70%;44%;58%;61%;94%;61%;72%;37%;43%;57%;55%;47%;82%;72%;78%;79%;50%;74%;65%;76%;39%;52%;60%;33%;57%;84%;48%;77%;84%;53%;56%;30%;22%;1,10%;27%;16%;29%;0,33%;7,60%;13%;3,30%;65%;86%;88%;;78%;81%;80%;74%;54%;29%;14%;84%;100%;63%;21%;6,50%;44%;24%;16%;22%;40%;31%;37%;42%;31%;72%;56%;79%;79%;54%;29%;66%;12%;48%;51%;70%
Delfshaven;22;Tussendijken;84;82;87;45;66;116;72;110;69;90;90;97;70%;29%;27%;32%;25%;29%;29%;11%;22%;23%;15%;14%;13%;17%;35%;45%;30%;48%;26%;62%;41%;45%;47%;88%;55%;73%;37%;52%;46%;56%;53%;81%;68%;74%;75%;55%;72%;70%;74%;40%;46%;62%;24%;45%;75%;52%;68%;73%;56%;60%;42%;21%;1,10%;21%;16%;31%;0,30%;8,30%;18%;4,00%;57%;87%;80%;;69%;74%;73%;63%;48%;29%;11%;100%;100%;68%;21%;5,50%;44%;24%;15%;21%;40%;28%;36%;37%;27%;75%;51%;74%;73%;48%;29%;56%;13%;40%;60%;63%
Delfshaven;23;Spangen;96;105;88;121;82;116;85;119;80;69;103;99;82%;23%;22%;25%;23%;22%;29%;8%;16%;23%;17%;17%;12%;17%;43%;52%;39%;60%;29%;61%;48%;60%;55%;90%;58%;74%;27%;41%;58%;52%;47%;76%;69%;76%;77%;65%;75%;70%;77%;32%;53%;62%;32%;51%;86%;53%;71%;75%;60%;57%;28%;18%;1,10%;25%;14%;28%;0,24%;6,10%;15%;2,90%;51%;80%;77%;;68%;74%;67%;60%;52%;27%;15%;59%;23%;68%;23%;2,50%;51%;20%;12%;21%;36%;22%;44%;39%;40%;71%;52%;85%;80%;52%;27%;61%;13%;41%;49%;68%
Delfshaven;24;Nieuwe Westen;102;110;94;96;94;118;104;135;90;88;108;91;78%;21%;19%;25%;19%;18%;20%;8%;18%;21%;15%;13%;10%;15%;40%;60%;33%;57%;28%;65%;55%;60%;61%;95%;50%;84%;23%;38%;56%;48%;46%;81%;66%;81%;85%;68%;81%;75%;84%;42%;54%;75%;38%;52%;86%;51%;80%;79%;61%;67%;27%;17%;1,00%;32%;10%;15%;0,27%;5,30%;9%;3,90%;41%;85%;80%;;70%;77%;75%;62%;49%;32%;11%;38%;100%;74%;21%;3,50%;54%;18%;13%;20%;39%;21%;50%;50%;29%;74%;60%;80%;85%;49%;32%;67%;14%;42%;52%;63%
Delfshaven;25;Middelland;106;122;89;124;119;119;106;143;96;90;108;62;83%;15%;14%;21%;21%;19%;24%;10%;12%;10%;9%;8%;8%;10%;39%;61%;38%;58%;32%;66%;49%;53%;51%;91%;55%;65%;22%;37%;52%;50%;59%;87%;66%;82%;81%;63%;81%;80%;82%;56%;59%;74%;45%;57%;85%;56%;82%;87%;64%;73%;15%;12%;0,80%;47%;10%;14%;0,25%;4,40%;8%;5,20%;32%;80%;80%;;69%;73%;70%;55%;49%;25%;9%;50%;100%;70%;21%;3,80%;59%;13%;12%;21%;45%;21%;55%;58%;18%;84%;71%;79%;79%;49%;25%;66%;23%;36%;50%;55%
Delfshaven;29;Schiemond;104;119;88;122;105;117;114;139;97;72;100;83;82%;15%;20%;23%;24%;21%;25%;9%;14%;18%;12%;11%;5%;15%;35%;62%;31%;60%;41%;81%;62%;52%;54%;96%;51%;28%;29%;32%;64%;51%;49%;77%;73%;82%;82%;60%;80%;71%;81%;57%;61%;82%;67%;57%;88%;44%;81%;78%;59%;57%;20%;14%;1,00%;28%;0%;16%;0,32%;5,50%;8%;1,80%;49%;82%;81%;;71%;76%;76%;64%;47%;30%;11%;0%;100%;66%;21%;;61%;16%;14%;17%;36%;20%;53%;51%;22%;72%;63%;80%;78%;47%;30%;65%;11%;40%;48%;59%
Delfshaven;3004;OudMathenesse/Witte Dorp;84;92;75;97;92;99;65;109;85;52;96;67;78%;22%;20%;23%;21%;24%;29%;12%;16%;14%;15%;12%;13%;15%;26%;40%;23%;46%;24%;62%;36%;47%;51%;94%;56%;40%;36%;48%;54%;49%;42%;79%;60%;77%;79%;52%;78%;66%;74%;25%;38%;56%;39%;36%;84%;47%;73%;76%;55%;58%;24%;11%;1,00%;32%;13%;19%;0,34%;5,40%;8%;6,20%;55%;82%;83%;;71%;79%;75%;70%;41%;24%;9%;0%;0%;69%;26%;2,50%;59%;14%;15%;16%;33%;16%;39%;40%;21%;77%;53%;83%;79%;41%;24%;61%;17%;36%;55%;53%
Delfshaven;4001;Delfshaven;97;106;88;99;92;115;94;129;84;82;104;82;78%;21%;20%;25%;20%;20%;24%;9%;16%;18%;14%;13%;11%;14%;37%;54%;32%;54%;28%;66%;48%;54%;55%;93%;52%;65%;27%;39%;54%;50%;49%;81%;67%;79%;81%;62%;79%;72%;80%;41%;52%;69%;39%;50%;84%;50%;77%;79%;59%;63%;26%;16%;1,10%;31%;12%;19%;0,30%;5,70%;10%;4,20%;47%;83%;81%;;70%;77%;74%;63%;48%;27%;11%;43%;78%;71%;22%;3,80%;53%;18%;14%;20%;39%;21%;47%;48%;26%;76%;60%;80%;81%;48%;27%;65%;17%;40%;52%;60%
Feijenoord;17;Kop van Zuid;106;126;87;143;149;85;98;153;134;69;118;27;86%;7%;9%;8%;20%;19%;23%;14%;5%;9%;2%;8%;3%;5%;14%;53%;10%;30%;33%;75%;48%;44%;46%;92%;29%;43%;10%;17%;26%;53%;47%;85%;62%;79%;92%;60%;84%;84%;89%;77%;79%;88%;72%;45%;87%;56%;81%;91%;80%;72%;7%;1%;0,10%;80%;3%;1%;0,13%;0,90%;0%;8,20%;28%;75%;74%;;61%;73%;67%;51%;31%;16%;6%;0%;100%;77%;24%;;69%;4%;9%;22%;45%;13%;64%;75%;9%;91%;90%;90%;85%;31%;16%;81%;37%;19%;53%;27%
Feijenoord;79;Kop van Zuid-Entrepot;109;124;93;136;110;109;123;143;91;84;105;93;85%;16%;19%;22%;16%;15%;21%;5%;15%;18%;15%;16%;5%;11%;31%;58%;27%;55%;30%;77%;45%;53%;58%;94%;43%;64%;19%;24%;50%;54%;44%;85%;71%;82%;91%;66%;83%;80%;88%;56%;59%;83%;45%;59%;90%;46%;80%;78%;58%;65%;18%;14%;1,20%;43%;14%;19%;0,32%;5,60%;11%;2,30%;43%;87%;80%;;72%;80%;76%;64%;52%;26%;9%;7%;92%;67%;22%;3,90%;61%;14%;10%;22%;43%;16%;49%;46%;21%;77%;66%;86%;79%;52%;26%;66%;11%;47%;46%;62%
Feijenoord;80;Vreewijk;94;91;97;81;88;106;68;113;70;98;95;126;75%;19%;27%;29%;12%;11%;13%;7%;22%;22%;22%;20%;10%;14%;38%;53%;32%;58%;32%;60%;48%;45%;47%;90%;47%;66%;34%;42%;57%;50%;42%;78%;61%;79%;77%;55%;71%;67%;73%;55%;58%;70%;44%;55%;81%;45%;78%;64%;38%;53%;31%;20%;1,30%;26%;16%;26%;0,61%;8,80%;13%;2,70%;58%;85%;84%;;74%;78%;76%;71%;50%;31%;6%;8%;100%;61%;29%;3,10%;49%;22%;19%;20%;31%;19%;38%;29%;20%;75%;40%;83%;67%;50%;31%;61%;12%;51%;63%;75%
Feijenoord;81;Bloemhof;82;81;82;57;68;113;72;97;66;84;83;96;72%;30%;29%;30%;21%;20%;26%;11%;16%;20%;26%;17%;9%;17%;38%;47%;33%;50%;35%;66%;48%;53%;56%;86%;57%;67%;31%;49%;50%;54%;44%;77%;66%;72%;77%;59%;74%;64%;78%;32%;40%;53%;34%;49%;77%;43%;73%;65%;41%;56%;40%;21%;1,60%;23%;16%;27%;0,43%;7,40%;14%;4,40%;57%;84%;75%;;74%;74%;72%;67%;49%;30%;13%;50%;100%;63%;25%;3,80%;45%;22%;13%;19%;29%;24%;32%;35%;33%;67%;47%;75%;70%;49%;30%;58%;15%;40%;54%;67%
Feijenoord;82;Hillesluis;81;80;83;74;68;100;64;91;74;70;91;95;74%;28%;30%;30%;25%;24%;30%;7%;15%;21%;21%;20%;10%;19%;37%;41%;30%;50%;30%;67%;38%;54%;53%;89%;54%;89%;34%;39%;54%;45%;38%;74%;64%;72%;79%;54%;75%;63%;73%;27%;38%;55%;28%;41%;75%;46%;73%;66%;49%;48%;28%;18%;1,00%;19%;14%;32%;0,28%;6,90%;17%;4,20%;52%;84%;78%;;66%;73%;67%;54%;48%;29%;15%;9%;100%;63%;26%;3,00%;47%;20%;13%;17%;29%;17%;39%;38%;39%;75%;49%;82%;78%;48%;29%;59%;14%;39%;53%;66%
Feijenoord;85;Katendrecht;117;129;104;139;116;125;108;156;96;99;114;109;86%;14%;15%;18%;10%;12%;18%;6%;19%;22%;14%;11%;9%;14%;46%;63%;44%;61%;28%;65%;52%;49%;54%;93%;72%;44%;32%;47%;74%;51%;47%;82%;69%;81%;86%;63%;81%;75%;84%;67%;74%;80%;56%;70%;91%;61%;80%;81%;69%;65%;17%;16%;1,00%;40%;13%;17%;0,22%;5,30%;10%;2,20%;40%;85%;80%;;69%;83%;75%;60%;58%;32%;7%;21%;77%;70%;21%;5,00%;61%;16%;20%;23%;34%;18%;46%;48%;11%;85%;64%;81%;78%;58%;32%;64%;9%;51%;60%;63%
Feijenoord;86;Afrikaanderwijk;85;81;90;53;58;127;58;108;63;90;90;118;71%;26%;36%;31%;27%;25%;32%;16%;21%;20%;20%;20%;20%;19%;43%;53%;39%;53%;37%;65%;50%;55%;52%;93%;64%;82%;40%;48%;59%;54%;47%;78%;62%;76%;74%;52%;74%;62%;71%;44%;48%;58%;31%;48%;76%;48%;71%;69%;54%;56%;39%;26%;1,20%;27%;15%;40%;0,49%;8,10%;27%;2,50%;65%;82%;82%;;74%;75%;72%;63%;52%;38%;15%;92%;100%;69%;23%;4,10%;37%;27%;11%;18%;31%;23%;40%;37%;43%;70%;48%;78%;81%;52%;38%;61%;10%;53%;49%;73%
Feijenoord;87;Feijenoord;78;79;78;71;53;97;72;100;64;50;83;116;74%;38%;31%;33%;22%;26%;31%;10%;20%;18%;25%;21%;15%;18%;36%;46%;31%;42%;28%;66%;42%;50%;56%;91%;56%;83%;25%;50%;51%;43%;37%;74%;67%;77%;69%;52%;72%;69%;71%;35%;42%;65%;38%;44%;83%;40%;71%;65%;42%;53%;50%;28%;1,70%;24%;17%;33%;0,39%;8,70%;17%;2,20%;48%;85%;75%;;69%;71%;71%;64%;43%;25%;14%;0%;26%;66%;24%;4,40%;41%;26%;12%;22%;28%;15%;38%;35%;32%;61%;43%;83%;78%;43%;25%;53%;11%;50%;52%;72%
Feijenoord;88;Noordereiland;108;121;96;113;119;115;110;150;99;90;111;83;81%;14%;17%;18%;14%;17%;19%;10%;12%;11%;10%;11%;6%;15%;53%;64%;41%;60%;29%;71%;51%;52%;57%;96%;49%;25%;17%;31%;61%;54%;53%;76%;68%;84%;82%;60%;84%;74%;78%;72%;75%;82%;57%;62%;86%;46%;82%;80%;66%;66%;21%;12%;1,00%;43%;11%;7%;0,33%;5,00%;3%;3,40%;34%;83%;83%;;69%;74%;73%;63%;53%;27%;4%;16%;3%;71%;23%;5,80%;63%;14%;18%;18%;39%;21%;47%;52%;17%;83%;67%;80%;83%;53%;27%;64%;15%;45%;47%;60%
Feijenoord;4007;Feijenoord;91;94;89;86;81;110;77;117;74;84;95;102;76%;24%;27%;27%;19%;19%;24%;9%;17%;19%;20%;18%;10%;16%;37%;51%;32%;52%;32%;67%;46%;51%;53%;90%;53%;69%;30%;41%;54%;51%;43%;78%;65%;77%;79%;57%;76%;68%;77%;46%;52%;66%;40%;51%;81%;46%;75%;70%;49%;56%;31%;19%;1,30%;28%;15%;25%;0,40%;7,10%;14%;3,30%;51%;84%;79%;;71%;76%;72%;63%;49%;29%;10%;24%;86%;65%;25%;3,70%;50%;20%;14%;20%;33%;19%;40%;39%;28%;73%;51%;81%;75%;49%;29%;61%;13%;45%;54%;67%
Hillegersberg-Schiebroek;60;Schiebroek;120;131;110;135;117;136;124;142;102;106;116;117;85%;12%;21%;21%;8%;8%;12%;4%;17%;23%;17%;14%;8%;12%;58%;70%;40%;74%;46%;75%;65%;41%;52%;94%;54%;69%;50%;38%;67%;50%;55%;83%;72%;84%;87%;65%;79%;79%;83%;63%;63%;85%;65%;71%;89%;39%;78%;79%;43%;60%;12%;14%;1,20%;51%;15%;12%;0,30%;6,50%;4%;1,50%;43%;88%;84%;;71%;79%;75%;63%;59%;34%;5%;3%;97%;67%;26%;5,30%;63%;14%;16%;25%;49%;16%;50%;44%;16%;84%;55%;83%;76%;59%;34%;64%;11%;48%;56%;72%
Hillegersberg-Schiebroek;61;Hillegersberg-zuid;136;158;114;172;161;128;165;163;126;102;128;101;91%;4%;8%;12%;5%;6%;9%;4%;12%;13%;7%;9%;5%;9%;58%;75%;46%;79%;49%;74%;78%;39%;56%;97%;40%;63%;22%;23%;50%;54%;56%;88%;74%;92%;93%;72%;85%;90%;92%;75%;72%;94%;89%;74%;92%;45%;83%;89%;57%;70%;8%;3%;0,20%;67%;7%;7%;0,31%;3,00%;3%;2,20%;32%;84%;86%;;74%;83%;82%;65%;56%;34%;4%;0%;98%;69%;31%;;76%;5%;12%;27%;50%;10%;61%;50%;6%;89%;77%;86%;81%;56%;34%;69%;14%;43%;54%;67%
Hillegersberg-Schiebroek;62;Hillegersberg-noord;125;134;116;134;126;121;136;156;105;128;131;99;85%;10%;16%;22%;6%;8%;13%;5%;13%;19%;15%;14%;7%;12%;46%;69%;35%;71%;48%;69%;66%;38%;51%;96%;44%;58%;56%;23%;65%;46%;48%;83%;65%;91%;88%;72%;85%;84%;86%;73%;71%;91%;76%;71%;89%;50%;78%;78%;50%;66%;16%;8%;0,80%;69%;9%;10%;0,49%;6,30%;6%;1,40%;40%;91%;87%;;68%;76%;67%;66%;60%;33%;3%;91%;100%;65%;23%;;66%;10%;20%;34%;45%;10%;54%;46%;12%;74%;68%;86%;82%;60%;33%;72%;11%;40%;52%;66%
Hillegersberg-Schiebroek;64;Terbregge;134;153;116;165;155;134;144;165;130;83;132;118;90%;4%;13%;17%;4%;7%;9%;3%;8%;11%;6%;11%;5%;10%;66%;73%;48%;83%;56%;77%;74%;45%;59%;95%;42%;33%;17%;28%;83%;59%;54%;93%;71%;89%;90%;76%;82%;82%;87%;79%;79%;90%;91%;73%;86%;57%;84%;80%;56%;76%;4%;4%;0,20%;65%;9%;8%;0,28%;3,90%;4%;1,40%;39%;93%;94%;;80%;84%;80%;67%;65%;41%;8%;0%;2%;65%;24%;;75%;6%;17%;31%;44%;11%;57%;45%;10%;81%;70%;83%;75%;65%;41%;72%;12%;62%;45%;73%
Hillegersberg-Schiebroek;65;Molenlaankwartier;138;156;120;180;150;129;159;164;133;106;130;112;93%;5%;13%;16%;3%;6%;8%;3%;18%;16%;9%;10%;5%;11%;67%;79%;43%;83%;63%;76%;83%;27%;40%;100%;42%;78%;42%;16%;63%;47%;55%;89%;69%;94%;93%;73%;89%;91%;90%;90%;84%;88%;93%;77%;95%;50%;79%;83%;44%;73%;3%;1%;0,10%;78%;6%;7%;0,21%;2,70%;4%;1,90%;27%;84%;88%;;69%;79%;76%;58%;59%;31%;5%;19%;66%;65%;19%;;74%;3%;14%;34%;55%;12%;61%;51%;11%;74%;71%;83%;81%;59%;31%;67%;11%;49%;55%;69%
Hillegersberg-Schiebroek;4004;Hillegersberg-Schiebroek;130;143;116;152;135;131;142;156;113;111;128;110;88%;8%;16%;18%;6%;7%;11%;4%;15%;18%;12%;12%;6%;11%;58%;73%;41%;77%;51%;74%;71%;38%;51%;96%;47%;65%;42%;28%;64%;50%;54%;86%;70%;89%;90%;70%;83%;85%;87%;73%;71%;89%;78%;73%;90%;46%;80%;82%;48%;67%;10%;8%;0,70%;63%;9%;9%;0,32%;4,90%;4%;1,70%;37%;87%;86%;;71%;80%;76%;63%;59%;34%;5%;22%;86%;67%;26%;2,00%;69%;9%;16%;29%;49%;13%;55%;47%;12%;81%;66%;84%;79%;59%;34%;68%;12%;47%;54%;69%
Hoek van Holland;1;Strand en duin;134;150;118;180;159;143;138;129;137;115;144;78;94%;2%;12%;14%;3%;4%;4%;3%;7%;21%;15%;6%;5%;8%;72%;82%;43%;86%;62%;74%;84%;41%;46%;98%;49%;56%;52%;32%;64%;57%;54%;87%;56%;95%;97%;78%;90%;91%;95%;80%;72%;89%;83%;71%;94%;59%;28%;73%;27%;56%;1%;0%;0,00%;40%;5%;8%;0,37%;2,20%;1%;0,50%;33%;92%;88%;;66%;77%;72%;58%;61%;42%;4%;2%;91%;64%;36%;;81%;2%;29%;38%;57%;19%;66%;36%;7%;82%;56%;82%;81%;61%;42%;67%;8%;46%;41%;54%
Hoek van Holland;3001;Dorp/Rijnpoort;123;123;123;136;131;129;112;106;114;129;121;128;85%;12%;14%;24%;3%;5%;10%;0%;14%;21%;16%;14%;7%;14%;60%;71%;33%;80%;49%;71%;70%;35%;53%;96%;54%;79%;58%;47%;64%;43%;52%;74%;56%;92%;86%;65%;84%;76%;83%;62%;69%;85%;86%;62%;84%;49%;30%;63%;29%;46%;10%;6%;0,40%;37%;10%;25%;0,20%;6,70%;4%;0,90%;51%;90%;92%;;72%;77%;78%;59%;58%;37%;3%;77%;98%;59%;36%;;69%;9%;19%;29%;37%;19%;49%;28%;10%;74%;54%;82%;71%;58%;37%;65%;8%;59%;53%;73%
Hoek van Holland;4012;Hoek van Holland;126;129;122;145;136;133;118;111;117;128;127;118;87%;10%;14%;22%;3%;5%;9%;1%;13%;21%;16%;13%;7%;13%;62%;73%;35%;81%;52%;72%;72%;36%;51%;97%;53%;75%;57%;44%;64%;46%;53%;77%;56%;92%;88%;68%;85%;79%;86%;66%;69%;86%;85%;64%;86%;51%;30%;65%;28%;48%;8%;5%;0,30%;38%;9%;20%;0,24%;5,70%;3%;0,80%;48%;90%;91%;;71%;77%;77%;59%;59%;38%;3%;63%;97%;60%;36%;;72%;7%;21%;31%;41%;19%;52%;30%;9%;76%;54%;82%;73%;59%;38%;65%;8%;57%;49%;70%
Hoogvliet;92;Hoogvliet-noord;108;111;105;113;104;111;115;112;92;111;100;116;81%;18%;23%;30%;5%;6%;12%;3%;14%;19%;15%;18%;8%;17%;46%;62%;35%;58%;45%;66%;61%;59%;64%;93%;48%;64%;33%;36%;60%;48%;39%;73%;67%;85%;83%;61%;83%;74%;86%;48%;59%;73%;66%;61%;86%;49%;62%;66%;32%;50%;18%;10%;0,70%;24%;14%;28%;0,40%;6,50%;7%;1,50%;53%;87%;88%;;76%;78%;73%;57%;61%;32%;6%;37%;86%;62%;33%;3,50%;65%;12%;16%;15%;27%;15%;38%;32%;17%;66%;51%;84%;78%;61%;32%;67%;9%;55%;49%;70%
Hoogvliet;99;Hoogvliet-zuid;112;111;112;121;111;93;120;111;97;113;113;126;82%;12%;26%;28%;5%;7%;9%;3%;17%;22%;15%;18%;9%;13%;48%;57%;31%;63%;35%;63%;54%;44%;52%;93%;34%;61%;36%;24%;57%;40%;35%;79%;65%;89%;85%;62%;80%;78%;81%;54%;52%;79%;66%;52%;84%;47%;61%;66%;34%;53%;14%;8%;0,90%;26%;12%;27%;0,37%;6,90%;4%;1,10%;47%;84%;88%;;68%;78%;76%;57%;60%;38%;4%;23%;34%;64%;41%;2,70%;66%;10%;19%;23%;31%;15%;42%;32%;12%;75%;50%;82%;72%;60%;38%;63%;10%;56%;68%;69%
Hoogvliet;4011;Hoogvliet;111;111;110;118;108;100;118;112;95;112;109;123;82%;14%;25%;29%;5%;7%;10%;3%;16%;21%;15%;18%;9%;14%;47%;59%;32%;61%;39%;64%;56%;49%;56%;93%;39%;62%;35%;28%;58%;43%;37%;77%;66%;88%;84%;61%;81%;77%;83%;52%;54%;77%;66%;55%;85%;48%;61%;66%;34%;52%;16%;9%;0,80%;25%;13%;28%;0,38%;6,80%;5%;1,20%;49%;85%;88%;;71%;78%;75%;57%;61%;36%;5%;28%;53%;63%;38%;3,00%;66%;11%;18%;20%;29%;15%;40%;32%;14%;72%;50%;83%;74%;61%;36%;64%;9%;56%;62%;69%
IJsselmonde;83;Oud IJsselmonde;109;121;98;125;135;93;118;133;111;74;107;100;83%;7%;17%;28%;5%;7%;9%;3%;10%;16%;12%;10%;9%;12%;41%;69%;26%;61%;37%;74%;59%;48%;60%;93%;33%;55%;17%;19%;36%;44%;40%;79%;71%;83%;87%;61%;80%;78%;83%;62%;67%;85%;65%;66%;87%;35%;75%;74%;49%;52%;7%;5%;0,60%;49%;15%;17%;0,41%;4,20%;5%;2,20%;51%;89%;87%;;78%;82%;82%;61%;48%;26%;8%;0%;54%;58%;30%;;71%;8%;14%;24%;28%;9%;47%;43%;18%;83%;63%;81%;76%;48%;26%;63%;13%;52%;51%;64%
IJsselmonde;84;Lombardijen;92;90;94;74;80;116;81;101;77;92;98;107;74%;20%;25%;30%;16%;16%;21%;7%;22%;22%;21%;18%;15%;21%;34%;51%;26%;53%;32%;71%;46%;49%;53%;90%;50%;74%;45%;46%;66%;50%;44%;78%;64%;79%;81%;57%;75%;70%;74%;35%;46%;65%;42%;50%;74%;43%;73%;66%;38%;56%;24%;16%;1,70%;28%;18%;23%;0,52%;7,30%;10%;2,60%;55%;87%;85%;;76%;76%;70%;63%;54%;28%;6%;0%;100%;58%;28%;3,20%;56%;17%;14%;24%;28%;18%;43%;35%;26%;69%;49%;81%;71%;54%;28%;62%;12%;44%;61%;66%
IJsselmonde;90;Beverwaard;97;95;99;81;100;121;73;101;79;97;104;118;76%;18%;28%;25%;9%;10%;16%;7%;17%;20%;15%;15%;10%;13%;45%;51%;33%;54%;27%;67%;56%;56%;66%;92%;54%;28%;44%;57%;67%;55%;48%;77%;66%;75%;75%;58%;82%;69%;73%;28%;47%;61%;38%;45%;79%;47%;74%;65%;45%;51%;21%;16%;1,80%;25%;16%;28%;0,26%;6,90%;9%;4,20%;54%;80%;80%;;71%;75%;67%;68%;61%;38%;7%;0%;100%;62%;28%;5,80%;58%;15%;15%;19%;35%;14%;41%;34%;16%;71%;47%;86%;82%;61%;38%;68%;13%;52%;59%;71%
IJsselmonde;1009;Groot IJsselmonde-Noord;101;96;106;65;90;107;102;115;86;123;94;119;73%;15%;25%;30%;8%;12%;15%;5%;20%;26%;24%;20%;13%;21%;38%;55%;28%;59%;37%;66%;46%;45%;55%;94%;42%;65%;43%;30%;55%;45%;45%;78%;62%;85%;84%;60%;80%;77%;82%;43%;49%;71%;44%;54%;81%;41%;76%;68%;43%;60%;16%;12%;1,20%;28%;18%;24%;0,35%;8,10%;9%;1,70%;50%;85%;87%;;67%;69%;68%;61%;62%;37%;5%;59%;95%;60%;32%;5,40%;58%;32%;18%;18%;25%;17%;38%;34%;22%;64%;40%;83%;74%;62%;37%;58%;11%;49%;63%;71%
IJsselmonde;1010;Groot IJsselmonde-Zuid;103;108;98;109;103;117;106;108;83;105;95;110;80%;13%;25%;27%;9%;9%;13%;6%;17%;23%;19%;15%;11%;18%;42%;53%;31%;56%;31%;69%;49%;47%;59%;93%;45%;78%;38%;30%;59%;53%;43%;81%;65%;86%;82%;57%;82%;70%;78%;42%;47%;70%;45%;53%;78%;48%;69%;64%;36%;60%;16%;13%;1,10%;33%;15%;26%;0,53%;7,30%;8%;2,10%;47%;84%;82%;;67%;71%;69%;61%;56%;31%;5%;22%;66%;60%;32%;7,10%;61%;28%;16%;20%;32%;14%;36%;38%;21%;74%;52%;84%;72%;56%;31%;61%;12%;46%;53%;71%
IJsselmonde;4008;IJsselmonde;101;100;101;88;96;114;94;109;83;105;105;112;77%;15%;25%;28%;10%;11%;15%;6%;18%;22%;19%;16%;12%;18%;40%;54%;29%;56%;32%;69%;50%;49%;58%;93%;46%;62%;40%;38%;59%;50%;44%;79%;65%;82%;81%;58%;80%;72%;78%;40%;49%;69%;45%;52%;79%;44%;73%;66%;41%;56%;18%;13%;1,30%;31%;16%;24%;0,42%;7,00%;8%;2,50%;51%;85%;84%;;71%;74%;70%;63%;57%;32%;6%;19%;85%;60%;30%;2,10%;60%;8%;15%;21%;30%;15%;40%;36%;21%;71%;49%;83%;74%;57%;32%;62%;12%;48%;58%;69%
Kralingen-Crooswijk;14;Rubroek;102;110;93;110;101;96;108;133;87;93;112;81;80%;15%;17%;25%;16%;17%;20%;10%;16%;17%;18%;18%;8%;16%;19%;46%;13%;42%;21%;66%;41%;48%;51%;94%;42%;59%;43%;31%;43%;52%;40%;80%;68%;83%;80%;58%;80%;78%;82%;41%;48%;74%;50%;42%;88%;50%;82%;82%;60%;65%;18%;13%;0,90%;25%;8%;11%;0,43%;6,00%;7%;5,70%;42%;84%;81%;;70%;76%;73%;54%;39%;20%;6%;90%;100%;72%;19%;;57%;16%;16%;23%;39%;16%;52%;53%;19%;82%;66%;86%;83%;39%;20%;68%;18%;39%;52%;61%
Kralingen-Crooswijk;36;Nieuw Crooswijk;101;111;91;103;103;116;96;139;101;81;107;75;79%;19%;17%;27%;14%;13%;16%;8%;21%;12%;17%;12%;9%;12%;34%;54%;27%;46%;26%;70%;40%;41%;50%;92%;54%;50%;26%;25%;68%;69%;60%;80%;72%;79%;75%;58%;77%;74%;78%;50%;65%;75%;47%;49%;83%;52%;78%;82%;63%;67%;25%;16%;0,90%;31%;14%;8%;0,33%;5,30%;7%;2,00%;47%;93%;84%;;71%;85%;83%;73%;43%;24%;5%;0%;100%;65%;25%;5,00%;58%;18%;9%;29%;49%;29%;58%;52%;27%;79%;66%;81%;75%;43%;24%;65%;15%;36%;39%;62%
Kralingen-Crooswijk;37;Oud Crooswijk;80;70;90;20;61;93;60;115;72;67;91;128;64%;28%;37%;35%;17%;18%;21%;8%;22%;23%;20%;23%;21%;18%;32%;42%;25%;48%;25%;61%;36%;43%;49%;91%;50%;60%;37%;25%;65%;45%;39%;77%;66%;71%;72%;51%;69%;66%;69%;38%;47%;65%;33%;48%;78%;50%;77%;76%;40%;62%;38%;25%;1,60%;21%;10%;22%;0,31%;9,30%;17%;2,40%;52%;86%;83%;;73%;75%;74%;66%;48%;24%;11%;0%;100%;70%;22%;6,00%;44%;25%;14%;25%;34%;23%;40%;36%;28%;69%;49%;76%;76%;48%;24%;58%;11%;47%;74%;72%
Kralingen-Crooswijk;41;Kralingen-west;104;117;91;116;106;112;104;147;93;84;101;85;81%;19%;19%;20%;15%;15%;17%;5%;15%;19%;14%;11%;10%;15%;31%;58%;24%;49%;33%;69%;50%;43%;53%;91%;49%;69%;35%;28%;57%;50%;47%;83%;70%;79%;83%;65%;80%;77%;79%;65%;61%;82%;61%;62%;79%;52%;85%;81%;61%;70%;17%;13%;1,00%;39%;5%;13%;0,37%;5,10%;6%;5,70%;43%;83%;77%;;66%;75%;73%;50%;45%;21%;8%;63%;50%;76%;18%;1,50%;58%;15%;10%;20%;38%;15%;56%;53%;14%;78%;67%;79%;83%;45%;21%;66%;17%;36%;56%;62%
Kralingen-Crooswijk;45;De Esch;104;115;92;105;111;113;100;146;101;73;110;84;80%;13%;19%;23%;11%;12%;16%;8%;21%;18%;12%;15%;10%;13%;25%;51%;21%;51%;27%;68%;49%;44%;49%;96%;63%;21%;42%;57%;80%;49%;40%;83%;66%;79%;85%;63%;78%;83%;85%;56%;53%;80%;61%;49%;92%;56%;81%;80%;52%;66%;15%;11%;1,00%;30%;4%;12%;0,33%;5,50%;3%;3,90%;43%;85%;80%;;63%;80%;73%;69%;45%;27%;4%;0%;0%;78%;20%;;59%;14%;14%;23%;39%;13%;55%;45%;13%;77%;63%;87%;77%;45%;27%;66%;17%;44%;66%;55%
Kralingen-Crooswijk;47;Struisenburg;104;119;88;112;124;98;112;151;115;78;107;51;81%;15%;9%;11%;34%;31%;36%;26%;10%;14%;6%;9%;5%;8%;21%;57%;18%;48%;32%;70%;52%;48%;37%;97%;34%;56%;23%;17%;38%;54%;47%;83%;61%;87%;88%;64%;82%;80%;87%;74%;63%;86%;77%;46%;92%;54%;78%;87%;61%;72%;13%;3%;0,30%;53%;1%;6%;0,21%;2,30%;3%;25,30%;32%;65%;66%;;53%;59%;58%;48%;33%;17%;4%;54%;0%;61%;9%;;51%;6%;11%;27%;48%;14%;56%;65%;10%;86%;75%;82%;84%;33%;17%;76%;50%;37%;72%;37%
Kralingen-Crooswijk;3005;Kralingen Oost/Kralingse Bos;131;157;105;170;143;141;159;174;130;93;135;62;91%;9%;6%;11%;17%;17%;21%;9%;12%;14%;9%;10%;5%;7%;52%;79%;44%;72%;52%;81%;74%;32%;45%;98%;51%;73%;51%;25%;62%;58%;56%;90%;73%;92%;91%;74%;84%;87%;91%;90%;84%;90%;91%;78%;93%;63%;86%;92%;68%;76%;7%;2%;0,10%;91%;1%;0%;0,09%;1,80%;1%;12,00%;27%;80%;81%;;69%;72%;66%;48%;53%;32%;4%;11%;4%;67%;12%;;65%;5%;14%;35%;58%;17%;69%;68%;11%;81%;87%;88%;84%;53%;32%;74%;23%;39%;50%;54%
Kralingen-Crooswijk;4005;Kralingen-Crooswijk;104;115;93;107;103;112;106;147;94;86;111;78;80%;17%;18%;21%;18%;18%;21%;10%;16%;18%;14%;14%;10%;13%;31%;56%;25%;51%;32%;69%;50%;43%;48%;94%;48%;60%;38%;29%;57%;52%;46%;82%;68%;81%;83%;63%;79%;78%;81%;61%;60%;79%;61%;56%;85%;54%;82%;83%;58%;69%;19%;12%;0,90%;44%;4%;11%;0,31%;5,10%;6%;8,10%;41%;82%;79%;;66%;74%;71%;55%;44%;23%;7%;40%;54%;70%;16%;1,10%;56%;14%;13%;25%;43%;17%;55%;53%;17%;79%;68%;82%;81%;44%;23%;68%;21%;39%;58%;59%
Noord;15;Agniesebuurt;97;101;93;113;97;80;99;118;85;93;109;85;81%;22%;25%;29%;11%;12%;16%;5%;16%;19%;11%;11%;9%;14%;27%;44%;23%;41%;22%;70%;36%;37%;53%;92%;47%;52%;14%;36%;35%;48%;41%;71%;70%;76%;86%;67%;74%;83%;82%;38%;44%;62%;40%;44%;81%;49%;77%;78%;65%;57%;23%;17%;1,20%;29%;11%;19%;0,36%;6,00%;7%;4,10%;46%;86%;77%;;73%;74%;76%;53%;49%;20%;8%;99%;100%;69%;23%;;53%;18%;15%;26%;38%;17%;49%;49%;18%;79%;63%;85%;82%;49%;20%;62%;23%;45%;55%;63%
Noord;16;Provenierswijk;108;121;94;119;114;115;111;147;108;88;111;69;82%;11%;14%;20%;20%;17%;20%;10%;14%;12%;14%;14%;11%;18%;27%;57%;19%;52%;19%;66%;46%;43%;51%;96%;57%;64%;29%;49%;54%;50%;52%;82%;71%;81%;86%;64%;79%;82%;79%;62%;60%;79%;62%;53%;87%;51%;85%;83%;69%;69%;16%;10%;0,70%;34%;11%;5%;0,21%;4,60%;2%;5,00%;38%;87%;84%;;70%;79%;78%;65%;39%;21%;7%;83%;100%;73%;21%;3,50%;62%;12%;15%;23%;35%;13%;55%;66%;10%;83%;77%;80%;78%;39%;21%;78%;20%;38%;52%;56%
Noord;31;Bergpolder;112;131;93;128;132;111;134;148;113;94;113;53;84%;12%;11%;17%;11%;12%;15%;6%;13%;12%;13%;10%;7%;13%;30%;60%;25%;54%;31%;69%;54%;46%;64%;97%;44%;64%;19%;26%;52%;51%;48%;86%;71%;87%;88%;68%;84%;82%;86%;62%;67%;86%;76%;54%;83%;51%;79%;86%;69%;70%;16%;8%;0,60%;36%;5%;7%;0,19%;3,80%;2%;3,90%;31%;87%;83%;;64%;78%;76%;50%;34%;16%;5%;88%;100%;76%;26%;;68%;9%;12%;24%;43%;13%;62%;54%;17%;88%;72%;81%;84%;34%;16%;65%;22%;27%;52%;52%
Noord;34;Liskwartier;115;131;98;130;124;121;129;153;96;97;112;85;84%;12%;19%;21%;17%;16%;18%;10%;11%;14%;7%;5%;6%;9%;44%;69%;34%;64%;37%;73%;54%;51%;61%;94%;55%;73%;38%;26%;41%;46%;53%;83%;73%;85%;85%;65%;83%;77%;85%;67%;69%;88%;60%;67%;89%;49%;84%;80%;62%;63%;20%;11%;0,90%;45%;12%;10%;0,46%;5,20%;6%;2,90%;41%;88%;80%;;72%;81%;78%;62%;50%;26%;8%;76%;100%;72%;25%;;63%;12%;11%;23%;43%;18%;48%;53%;21%;84%;70%;80%;82%;50%;26%;69%;15%;40%;45%;64%
Noord;35;Oude Noorden;98;102;94;99;103;95;91;120;85;84;110;99;79%;18%;19%;23%;19%;18%;24%;10%;14%;11%;14%;13%;9%;14%;34%;54%;27%;49%;26%;61%;46%;52%;55%;90%;51%;68%;30%;35%;53%;41%;45%;72%;68%;81%;79%;58%;75%;69%;75%;46%;50%;75%;40%;53%;82%;42%;77%;72%;54%;55%;23%;17%;1,20%;27%;9%;20%;0,32%;6,50%;11%;2,90%;45%;86%;81%;;74%;73%;72%;53%;44%;29%;10%;39%;100%;68%;24%;3,30%;53%;18%;16%;23%;32%;17%;48%;44%;25%;75%;66%;83%;82%;44%;29%;62%;14%;43%;53%;66%
Noord;3011;Blijdorp/Blijdorpsepolder;128;149;108;165;155;118;143;166;126;102;126;76;90%;5%;9%;15%;9%;9%;11%;6%;11%;12%;8%;6%;5%;9%;36%;72%;32%;63%;39%;77%;63%;35%;48%;97%;47%;64%;25%;18%;59%;50%;53%;88%;72%;86%;91%;71%;86%;88%;91%;84%;79%;91%;86%;67%;93%;52%;86%;87%;65%;72%;8%;3%;0,20%;56%;10%;4%;0,23%;3,10%;2%;2,90%;32%;88%;85%;;72%;82%;78%;72%;42%;21%;3%;27%;100%;73%;27%;3,00%;77%;5%;14%;29%;43%;12%;57%;62%;8%;87%;80%;82%;81%;42%;21%;74%;18%;34%;57%;58%
Noord;4003;Noord;110;123;97;125;121;110;117;144;99;91;116;81;83%;13%;16%;20%;15%;14%;18%;8%;13%;12%;11%;10%;8%;12%;34%;60%;28%;55%;30%;68%;51%;46%;55%;94%;50%;66%;27%;30%;51%;46%;49%;80%;70%;83%;85%;64%;80%;78%;82%;60%;62%;82%;60%;57%;86%;47%;81%;80%;62%;64%;18%;11%;0,80%;36%;9%;11%;0,30%;5,00%;6%;3,40%;39%;87%;82%;;71%;77%;76%;59%;43%;23%;7%;59%;100%;71%;24%;2,00%;63%;13%;14%;25%;39%;15%;53%;53%;18%;82%;71%;82%;82%;43%;23%;67%;17%;38%;52%;61%
Overschie;51;Kleinpolder;96;95;98;90;93;99;79;114;85;107;97;103;77%;19%;22%;30%;11%;10%;15%;5%;21%;19%;20%;17%;13%;16%;41%;52%;26%;54%;33%;69%;48%;53%;51%;88%;48%;62%;47%;26%;57%;42%;44%;74%;65%;77%;80%;60%;75%;70%;75%;40%;52%;73%;55%;51%;83%;48%;69%;75%;37%;52%;23%;14%;1,30%;36%;18%;21%;0,40%;7,90%;12%;1,60%;55%;87%;84%;;74%;80%;79%;72%;53%;28%;6%;78%;74%;58%;28%;4,00%;56%;16%;16%;22%;40%;15%;49%;40%;20%;69%;58%;74%;73%;53%;28%;60%;13%;44%;48%;70%
Overschie;56;Overschie;121;131;111;134;123;128;129;142;103;105;113;122;85%;14%;18%;18%;8%;9%;14%;4%;14%;16%;13%;14%;7%;12%;60%;66%;43%;74%;42%;73%;67%;38%;54%;96%;46%;68%;32%;24%;58%;54%;53%;81%;68%;89%;86%;63%;80%;80%;84%;59%;67%;82%;70%;62%;91%;52%;74%;76%;49%;58%;14%;8%;0,70%;47%;15%;23%;0,23%;5,50%;7%;1,60%;41%;87%;85%;;74%;79%;74%;63%;56%;32%;7%;56%;93%;60%;37%;;69%;8%;16%;25%;38%;11%;50%;37%;11%;80%;62%;78%;76%;56%;32%;62%;10%;53%;52%;74%
Overschie;3006;NoordKethel/Schieveen/Zestienhoven;138;156;119;179;171;120;151;158;138;101;129;108;93%;7%;9%;12%;1%;3%;3%;1%;5%;10%;10%;9%;4%;6%;80%;81%;59%;92%;54%;80%;76%;48%;58%;99%;31%;29%;15%;10%;52%;53%;51%;91%;77%;90%;87%;64%;88%;78%;87%;86%;76%;87%;83%;83%;90%;39%;81%;83%;59%;64%;8%;4%;0,20%;50%;6%;5%;0,14%;4,40%;4%;0,70%;34%;92%;93%;;83%;88%;86%;69%;73%;46%;8%;0%;34%;54%;28%;;76%;6%;15%;25%;49%;11%;62%;41%;11%;84%;71%;86%;78%;73%;46%;67%;10%;47%;55%;67%
Overschie;4002;Overschie;114;120;108;123;116;116;111;134;101;108;111;112;83%;15%;18%;22%;8%;9%;13%;4%;16%;16%;16%;15%;9%;13%;55%;62%;38%;68%;40%;72%;60%;46%;54%;93%;44%;59%;36%;22%;57%;48%;49%;79%;68%;84%;84%;62%;79%;75%;81%;55%;62%;79%;65%;61%;87%;48%;73%;77%;45%;57%;17%;10%;0,90%;43%;11%;19%;0,29%;6,40%;9%;1,50%;46%;88%;86%;;76%;81%;78%;68%;57%;33%;7%;59%;76%;58%;32%;1,90%;65%;11%;16%;24%;41%;13%;52%;39%;15%;76%;61%;78%;75%;57%;33%;62%;12%;48%;51%;71%
Pernis;91;Pernis;132;139;126;140;139;148;146;120;112;130;115;146;86%;9%;16%;25%;2%;6%;8%;1%;12%;17%;13%;15%;3%;10%;74%;71%;48%;79%;48%;73%;75%;38%;58%;97%;83%;93%;51%;67%;66%;41%;53%;82%;71%;92%;88%;66%;84%;80%;86%;57%;62%;77%;72%;71%;89%;52%;48%;69%;32%;56%;9%;4%;0,30%;34%;12%;28%;0,26%;5,20%;6%;0,70%;59%;88%;92%;;72%;79%;75%;75%;69%;42%;6%;100%;100%;55%;50%;;73%;7%;15%;28%;37%;12%;39%;22%;14%;80%;41%;82%;69%;69%;42%;57%;8%;57%;66%;80%
Pernis;4010;Pernis;132;139;126;140;139;148;146;120;112;130;115;146;86%;9%;16%;25%;2%;6%;8%;1%;12%;17%;13%;15%;3%;10%;74%;71%;48%;79%;48%;73%;75%;38%;58%;97%;83%;93%;51%;67%;66%;41%;53%;82%;71%;92%;88%;66%;84%;80%;86%;57%;62%;77%;72%;71%;89%;52%;48%;69%;32%;56%;9%;4%;0,30%;34%;12%;28%;0,26%;5,20%;6%;0,70%;59%;88%;92%;;72%;79%;75%;75%;69%;42%;6%;100%;100%;55%;50%;;73%;7%;15%;28%;37%;12%;39%;22%;14%;80%;41%;82%;69%;69%;42%;57%;8%;57%;66%;80%
Prins Alexander;44;s-Gravenland;138;159;117;167;164;133;164;168;130;102;125;111;91%;5%;9%;14%;3%;3%;7%;1%;12%;13%;13%;7%;4%;8%;49%;75%;33%;69%;56%;78%;72%;51%;65%;98%;38%;49%;34%;25%;74%;54%;53%;90%;78%;92%;92%;71%;86%;85%;90%;80%;71%;92%;88%;71%;93%;62%;85%;89%;54%;74%;6%;3%;0,30%;73%;15%;10%;0,22%;3,20%;0%;1,20%;35%;87%;87%;;76%;77%;71%;52%;56%;30%;4%;0%;95%;76%;18%;;73%;6%;18%;20%;48%;13%;57%;55%;11%;78%;75%;85%;78%;56%;30%;69%;12%;59%;52%;68%
Prins Alexander;46;Kralingseveer;134;154;113;168;111;171;161;161;115;83;130;124;91%;10%;24%;28%;10%;17%;21%;2%;19%;29%;12%;14%;3%;13%;81%;80%;73%;93%;54%;73%;88%;63%;61%;99%;85%;91%;52%;70%;90%;57%;62%;86%;71%;96%;88%;62%;89%;85%;90%;79%;75%;93%;84%;87%;94%;58%;72%;79%;49%;63%;9%;4%;0,50%;40%;6%;22%;0,14%;6,80%;9%;1,70%;29%;88%;87%;;81%;79%;78%;77%;64%;44%;8%;0%;0%;63%;34%;;70%;7%;16%;33%;37%;19%;44%;32%;14%;81%;57%;87%;72%;64%;44%;66%;9%;56%;56%;72%
Prins Alexander;48;Prinsenland;112;114;110;86;108;127;109;141;98;116;110;116;76%;11%;22%;28%;7%;8%;12%;4%;18%;22%;19%;19%;9%;17%;43%;62%;27%;65%;36%;72%;53%;40%;57%;95%;59%;65%;51%;38%;77%;49%;46%;86%;63%;87%;86%;64%;77%;76%;80%;66%;62%;85%;75%;59%;89%;48%;80%;75%;39%;62%;18%;9%;1,00%;55%;9%;13%;0,50%;7,40%;5%;1,30%;46%;85%;88%;;74%;75%;70%;64%;59%;34%;3%;5%;100%;68%;26%;;66%;12%;25%;24%;38%;13%;55%;35%;11%;71%;58%;78%;73%;59%;34%;60%;9%;52%;50%;70%
Prins Alexander;49;Het Lage Land;120;133;107;132;122;133;130;145;100;109;114;104;84%;7%;19%;29%;9%;9%;11%;6%;15%;24%;16%;11%;6%;14%;31%;61%;23%;55%;37%;72%;53%;45%;53%;97%;59%;77%;62%;42%;61%;55%;51%;82%;69%;89%;87%;66%;77%;78%;84%;60%;56%;84%;72%;57%;86%;56%;78%;78%;48%;67%;9%;8%;0,80%;41%;8%;15%;0,44%;6,10%;6%;2,60%;48%;87%;87%;;71%;77%;73%;64%;47%;27%;4%;78%;87%;73%;24%;1,20%;65%;11%;17%;25%;37%;10%;53%;34%;19%;73%;59%;87%;74%;47%;27%;61%;15%;41%;71%;64%
Prins Alexander;63;Ommoord;116;118;114;132;110;110;101;137;99;126;107;122;84%;12%;22%;25%;5%;7%;12%;3%;20%;25%;21%;17%;9%;16%;41%;62%;25%;63%;35%;71%;58%;38%;52%;95%;50%;60%;52%;37%;62%;39%;41%;84%;65%;82%;85%;58%;80%;75%;82%;61%;60%;83%;67%;71%;88%;45%;81%;72%;36%;61%;14%;8%;0,70%;46%;12%;20%;0,45%;7,30%;6%;1,20%;50%;85%;92%;;65%;75%;72%;66%;56%;32%;2%;76%;67%;63%;28%;2,80%;64%;12%;19%;25%;32%;18%;40%;25%;18%;74%;53%;83%;64%;56%;32%;58%;9%;48%;57%;73%
Prins Alexander;66;Zevenkamp;110;110;109;112;112;107;110;107;94;113;104;126;81%;15%;20%;26%;8%;8%;10%;5%;13%;16%;16%;15%;9%;15%;43%;57%;30%;64%;38%;65%;53%;56%;60%;97%;49%;46%;43%;42%;62%;44%;38%;74%;63%;90%;82%;61%;76%;72%;78%;42%;46%;73%;48%;48%;83%;41%;75%;68%;35%;52%;14%;13%;1,30%;40%;14%;22%;0,37%;7,90%;7%;1,40%;46%;88%;86%;;73%;83%;76%;67%;60%;30%;5%;58%;74%;62%;29%;3,60%;63%;13%;19%;19%;35%;15%;48%;38%;14%;75%;53%;79%;70%;60%;30%;64%;10%;54%;62%;72%
Prins Alexander;67;Oosterflank;102;102;101;94;97;108;88;122;90;107;98;110;78%;17%;23%;26%;9%;8%;10%;6%;20%;24%;20%;19%;10%;19%;34%;54%;17%;50%;32%;68%;50%;45%;55%;91%;53%;49%;45%;37%;55%;49%;42%;82%;60%;81%;86%;58%;79%;75%;86%;43%;46%;75%;60%;54%;85%;48%;78%;71%;41%;57%;20%;13%;1,30%;39%;15%;21%;0,33%;8,10%;8%;1,50%;47%;87%;87%;;73%;78%;74%;62%;51%;25%;5%;55%;100%;66%;30%;2,10%;60%;16%;16%;18%;30%;16%;44%;37%;16%;71%;52%;81%;74%;51%;25%;64%;10%;49%;50%;69%
Prins Alexander;68;Nesselande;132;155;109;157;156;156;143;162;134;98;124;80;89%;5%;8%;17%;5%;7%;7%;3%;10%;17%;10%;8%;6%;10%;50%;80%;42%;79%;53%;74%;76%;58%;66%;96%;66%;39%;68%;48%;82%;63%;57%;87%;73%;87%;86%;70%;86%;82%;88%;73%;84%;91%;82%;77%;92%;61%;73%;83%;43%;76%;5%;3%;0,30%;62%;8%;9%;0,18%;4,10%;1%;0,60%;30%;90%;88%;;82%;81%;73%;60%;61%;27%;10%;75%;95%;68%;28%;;79%;5%;15%;22%;44%;16%;60%;47%;10%;78%;68%;84%;77%;61%;27%;70%;10%;49%;53%;52%
Prins Alexander;4006;Prins Alexander;118;125;111;126;119;124;117;140;103;114;113;113;83%;11%;19%;24%;7%;8%;10%;4%;16%;21%;17%;15%;8%;15%;42%;64%;29%;64%;40%;71%;59%;47%;57%;96%;53%;56%;51%;39%;66%;48%;46%;83%;66%;86%;86%;63%;80%;77%;83%;59%;60%;83%;68%;63%;88%;50%;79%;75%;41%;63%;13%;9%;0,80%;51%;12%;17%;0,36%;6,50%;5%;1,40%;44%;87%;88%;;72%;78%;73%;64%;56%;30%;4%;56%;82%;67%;26%;1,70%;67%;11%;19%;22%;36%;15%;49%;36%;15%;74%;57%;82%;71%;56%;30%;63%;10%;50%;57%;68%
Rotterdam Centrum;10;Stadsdriehoek;111;133;90;147;139;101;117;161;115;93;119;32;87%;9%;12%;17%;15%;14%;18%;8%;10%;10%;10%;8%;7%;8%;14%;62%;11%;44%;34%;78%;50%;42%;54%;96%;45%;53%;25%;24%;25%;53%;48%;86%;65%;84%;90%;66%;84%;85%;84%;78%;75%;87%;67%;63%;90%;57%;86%;83%;66%;70%;9%;5%;0,40%;52%;4%;5%;0,23%;3,00%;2%;7,80%;31%;80%;80%;;67%;77%;73%;48%;27%;12%;3%;80%;28%;78%;20%;0,90%;72%;7%;15%;21%;43%;17%;65%;71%;10%;89%;85%;84%;78%;27%;12%;67%;24%;30%;46%;44%
Rotterdam Centrum;11;Oude Westen;93;94;92;78;80;117;70;126;75;100;101;90;75%;27%;25%;25%;21%;19%;24%;7%;16%;17%;21%;16%;15%;16%;39%;57%;30%;51%;29%;72%;43%;49%;57%;92%;54%;58%;41%;46%;54%;49%;50%;79%;65%;71%;76%;55%;73%;68%;79%;53%;55%;69%;35%;55%;81%;46%;82%;75%;60%;57%;30%;20%;1,40%;29%;12%;23%;0,47%;6,60%;13%;3,60%;51%;87%;80%;;70%;73%;72%;57%;53%;26%;9%;100%;100%;72%;20%;5,00%;49%;21%;11%;29%;35%;23%;43%;44%;29%;71%;61%;74%;82%;53%;26%;63%;16%;46%;46%;65%
Rotterdam Centrum;12;Cool;101;121;81;142;135;94;90;142;96;97;97;35;86%;10%;13%;16%;21%;18%;22%;9%;9%;10%;6%;7%;7%;9%;21%;48%;14%;45%;24%;77%;50%;43%;46%;94%;50%;53%;25%;29%;39%;47%;42%;82%;63%;78%;88%;61%;78%;80%;82%;69%;65%;83%;60%;53%;85%;41%;79%;86%;67%;64%;14%;7%;0,50%;38%;30%;4%;0,26%;3,50%;3%;8,40%;32%;81%;77%;;63%;70%;64%;48%;30%;17%;3%;85%;79%;71%;27%;7,70%;67%;10%;8%;17%;44%;16%;57%;72%;8%;90%;80%;84%;86%;30%;17%;67%;36%;33%;48%;46%
Rotterdam Centrum;13;CS-kwartier;104;118;90;161;136;71;96;128;125;104;105;25;89%;8%;8%;12%;32%;31%;32%;27%;7%;10%;5%;6%;5%;10%;3%;47%;5%;31%;20%;81%;41%;46%;51%;98%;31%;46%;19%;21%;19%;40%;38%;77%;45%;91%;91%;59%;74%;83%;89%;70%;60%;91%;62%;44%;75%;37%;65%;86%;66%;62%;0%;0%;0,00%;50%;4%;1%;0,35%;2,60%;0%;12,40%;23%;71%;65%;;55%;75%;71%;44%;32%;19%;3%;100%;100%;84%;16%;;58%;6%;7%;25%;39%;9%;61%;74%;6%;87%;88%;90%;80%;32%;19%;71%;38%;32%;34%;37%
Rotterdam Centrum;3003;Nieuwe Werk/Dijkzigt;110;131;88;158;152;93;105;148;127;76;120;28;89%;6%;8%;9%;17%;11%;17%;10%;10%;10%;6%;5%;13%;8%;23%;60%;14%;44%;29%;71%;46%;33%;39%;100%;33%;40%;13%;11%;36%;56%;53%;85%;63%;83%;88%;64%;81%;82%;84%;87%;69%;91%;70%;60%;80%;53%;77%;91%;61%;60%;22%;1%;0,20%;88%;1%;4%;0,29%;1,40%;1%;7,30%;22%;85%;88%;;67%;83%;75%;49%;35%;17%;3%;1%;10%;89%;11%;;64%;3%;14%;26%;35%;8%;56%;68%;13%;74%;87%;87%;86%;35%;17%;71%;44%;27%;48%;40%
Rotterdam Centrum;4000;Rotterdam Centrum;103;120;85;130;121;103;96;149;97;90;111;43;84%;14%;15%;18%;18%;16%;21%;8%;11%;12%;12%;10%;9%;10%;22%;58%;17%;46%;31%;76%;48%;44%;52%;95%;47%;53%;28%;29%;36%;51%;47%;83%;64%;80%;86%;62%;80%;80%;82%;70%;67%;82%;58%;58%;86%;50%;82%;82%;64%;65%;16%;8%;0,70%;37%;10%;9%;0,31%;3,90%;5%;6,90%;35%;82%;80%;;67%;75%;71%;50%;35%;17%;4%;82%;56%;77%;20%;3,00%;64%;11%;12%;23%;40%;18%;57%;64%;15%;84%;78%;82%;81%;35%;17%;67%;26%;35%;46%;49%
Rozenburg;4;Rozenburg;106;110;103;126;116;114;92;102;102;124;112;74;83%;10%;18%;27%;5%;7%;10%;2%;19%;22%;16%;24%;6%;16%;59%;64%;41%;76%;52%;69%;64%;42%;59%;96%;49%;73%;51%;25%;56%;44%;40%;73%;54%;89%;84%;58%;78%;73%;79%;60%;65%;82%;79%;64%;89%;53%;33%;57%;29%;42%;9%;5%;0,40%;33%;9%;31%;0,38%;5,90%;7%;1,00%;35%;85%;88%;;70%;77%;70%;50%;57%;36%;3%;49%;92%;60%;41%;2,00%;69%;8%;21%;23%;35%;15%;45%;28%;12%;73%;45%;78%;71%;57%;36%;65%;8%;57%;53%;45%
Rozenburg;4013;Rozenburg;106;110;103;126;116;114;92;102;102;124;112;74;83%;10%;18%;27%;5%;7%;10%;2%;19%;22%;16%;24%;6%;16%;59%;64%;41%;76%;52%;69%;64%;42%;59%;96%;49%;73%;51%;25%;56%;44%;40%;73%;54%;89%;84%;58%;78%;73%;79%;60%;65%;82%;79%;64%;89%;53%;33%;57%;29%;42%;9%;5%;0,40%;33%;9%;31%;0,38%;5,90%;7%;1,00%;35%;85%;88%;;70%;77%;70%;50%;57%;36%;3%;49%;92%;60%;41%;2,00%;69%;8%;21%;23%;35%;15%;45%;28%;12%;73%;45%;78%;71%;57%;36%;65%;8%;57%;53%;45%
Rotterdam;5000;Rotterdam;105;112;98;109;103;114;102;130;90;98;109;95;80%;16%;20%;24%;13%;14%;17%;7%;16%;19%;16%;15%;10%;14%;39%;57%;30%;57%;34%;68%;53%;47%;54%;93%;49%;63%;37%;34%;57%;49%;46%;80%;66%;82%;83%;61%;79%;74%;80%;52%;56%;75%;55%;56%;84%;48%;75%;74%;49%;60%;19%;12%;1,00%;38%;11%;19%;0,35%;6,10%;8%;3,50%;45%;85%;83%;;71%;76%;73%;61%;51%;29%;7%;41%;75%;67%;25%;2,70%;60%;14%;15%;23%;37%;17%;47%;42%;19%;76%;58%;82%;76%;51%;29%;64%;14%;44%;55%;64%
