naam gebied (voormalig deelgemeente);wijknr;BUURT;Fysieke Index;Fysieke Index -subjectief;Fysieke Index -objectief;Woonbeleving;Vastgoed subjectief;Openbare Ruimte subjectief;Voorzieningen subjectief;Milieu subjectief;% (zeer) tevreden over de huidige woonsituatie;% verhuisgeneigdheid uit buurt;% tevreden woning algemeen;% tevreden over woninggrootte;% tevreden over woningtype;% tevreden over indeling/plattegrond;% tevreden over afmetingen bergruimte;% tevreden over grootte buitenruimte;% tevreden over uitzicht;% tevreden over isolatie geluid van buiten;% tevreden over isolatie geluid van buren;% tevreden over warmteisolatie;% tevreden over ventilatie;% tevreden over prijs-kwaliteit verhouding;waardering bebouwing buurt;% tevreden over veiligheid entree;% tevreden over veiligheid berging;% vaak overlast rommel;% vaak overlast vuil naast container;% vaak hondenpoep;% vaak vernieling telcel/abri;% vaak vernieling straatmeubilair;% voldoende aanwezig groen (grasveldjes, bomen);% voldoende aanwezig gebruiksgroen (picknick, sporten, spelen);% tevreden aantrekkelijkheid singels, sloten en vijvers;% tevreden over onderhoud fietspaden;% tevreden over onderhoud stoepen;% vaak gaten/verzakking bestrating;% tevreden over veiligheid fietspaden;% tevreden over veiligheid stoepen;% vaak agressief verkeers gedrag;% vaak te hard rijden;% aanrijding komt vaak voor;% vaak op de stoep parkeren;% aanrijding met doorrijden;% aanrijding zonder doorrijden;% tevreden over toegankelijkheid wijk voor auto;% tevreden over kwaliteit straatverlichting;% tevreden over voorzieningen tezamen;% voldoende aanwezig winkels dagelijkse boodschappen;% voldoende aanwezig bank / postkantoor;% voldoende aanwezig medische 1e lijnzorg;% voldoende aanwezig binnensport;% voldoende aanwezig sportvelden;% voldoende aanwezig basisscholen;% voldoende aanwezig middelbare scholen;% voldoende aanwezig OV;% voldoende parkeermogelijkheden;% eigen parkeerplaats;% veel stankoverlast verkeer;% veel stankoverlast bedrijvigheid;% veel stankoverlast riool buiten;% veel stankoverlast water;% veel geluidsoverlast verkeer;% veel geluidsoverlast bedrijvigheid;% veel geluidsoverlast bouw/sloop;% veel wateroverlast in tuinen/binnenterreinen;% veel wateroverlast onder woningen
Charlois;71;Tarwewijk;81;68;93;41;48;74;102;75;54%;43%;62%;71%;67%;62%;49%;60%;57%;48%;39%;54%;52%;41%;29%;50%;46%;69%;72%;53%;10%;10%;72%;54%;24%;48%;59%;24%;41%;62%;33%;50%;16%;23%;3%;3%;64%;68%;44%;94%;68%;89%;43%;45%;79%;45%;91%;55%;9%;12%;3%;11%;8%;22%;5%;8%;6%;5%
Charlois;72;Carnisse;84;75;93;43;42;81;108;100;52%;38%;59%;63%;63%;58%;61%;52%;49%;44%;28%;40%;51%;48%;23%;52%;43%;63%;67%;59%;14%;9%;85%;78%;59%;40%;51%;21%;37%;54%;35%;56%;15%;29%;2%;3%;66%;70%;49%;88%;64%;93%;51%;60%;77%;70%;96%;37%;3%;12%;1%;2%;1%;18%;2%;9%;8%;3%
Charlois;73;Zuidwijk;96;93;99;79;72;97;111;107;63%;29%;67%;74%;74%;69%;58%;65%;70%;54%;41%;54%;57%;41%;46%;55%;50%;51%;53%;41%;11%;11%;97%;87%;61%;54%;56%;26%;54%;59%;29%;51%;13%;26%;2%;2%;73%;68%;42%;91%;67%;90%;28%;85%;79%;66%;96%;67%;16%;10%;1%;4%;1%;14%;2%;3%;6%;6%
Charlois;74;Oud-Charlois;90;89;92;68;102;92;101;82;64%;37%;78%;80%;75%;74%;61%;66%;69%;57%;49%;57%;65%;56%;45%;66%;59%;63%;58%;58%;15%;8%;87%;68%;59%;44%;56%;26%;44%;59%;32%;53%;11%;32%;2%;3%;71%;77%;50%;75%;63%;87%;39%;53%;81%;66%;83%;42%;13%;11%;5%;6%;4%;18%;6%;13%;4%;5%
Charlois;75;Wielewaal;98;97;98;114;82;90;77;125;68%;15%;73%;73%;80%;80%;51%;87%;70%;43%;35%;40%;43%;51%;48%;59%;55%;33%;23%;51%;19%;9%;98%;70%;66%;22%;31%;31%;34%;40%;22%;59%;2%;25%;2%;3%;71%;72%;47%;30%;24%;51%;67%;46%;38%;28%;72%;91%;43%;4%;4%;3%;0%;13%;4%;1%;0%;11%
Charlois;76;Zuidplein;87;101;72;73;99;95;131;107;63%;32%;79%;88%;86%;88%;62%;70%;76%;50%;58%;61%;60%;57%;33%;67%;49%;56%;38%;38%;8%;5%;88%;78%;30%;75%;53%;27%;72%;64%;42%;51%;24%;22%;2%;5%;64%;69%;53%;97%;95%;96%;82%;75%;49%;59%;100%;72%;44%;37%;3%;2%;0%;42%;8%;11%;0%;4%
Charlois;77;Pendrecht;92;86;97;58;68;89;110;107;54%;30%;64%;75%;74%;72%;60%;62%;58%;52%;40%;58%;59%;45%;41%;51%;48%;49%;48%;55%;9%;9%;91%;72%;51%;55%;57%;30%;55%;60%;28%;45%;9%;28%;2%;5%;68%;66%;45%;98%;80%;91%;27%;68%;83%;42%;92%;68%;19%;4%;1%;4%;3%;9%;1%;7%;5%;7%
Charlois;78;Zuiderpark en Zuidrand;88;96;81;139;130;66;82;64;71%;7%;85%;96%;89%;90%;80%;86%;86%;76%;70%;75%;74%;58%;52%;64%;57%;54%;33%;47%;19%;13%;92%;89%;63%;45%;36%;36%;51%;42%;27%;54%;20%;25%;2%;4%;56%;63%;31%;45%;30%;90%;28%;79%;57%;50%;59%;89%;62%;13%;1%;7%;6%;18%;6%;11%;8%;17%
Charlois;93;Heijplaat;88;87;88;102;113;94;50;76;59%;13%;79%;91%;89%;83%;69%;82%;67%;59%;57%;52%;63%;49%;48%;80%;67%;37%;24%;36%;18%;5%;80%;56%;22%;50%;46%;23%;61%;59%;12%;55%;3%;21%;0%;2%;63%;71%;28%;16%;17%;38%;24%;60%;68%;6%;73%;64%;10%;8%;11%;2%;2%;18%;30%;7%;6%;10%
Charlois;4009;Charlois;87;83;91;61;70;86;106;89;58%;34%;67%;74%;72%;68%;58%;63%;62%;52%;41%;53%;57%;47%;37%;56%;50%;58%;57%;52%;12%;9%;87%;72%;51%;48%;55%;26%;47%;58%;31%;51%;13%;27%;2%;3%;68%;70%;46%;86%;66%;89%;39%;62%;78%;57%;91%;55%;14%;11%;3%;5%;3%;17%;4%;8%;5%;6%
Delfshaven;20;Delfshaven;96;94;99;87;90;94;94;103;69%;31%;71%;79%;75%;69%;63%;62%;62%;56%;45%;59%;54%;55%;44%;59%;60%;59%;65%;48%;5%;9%;61%;58%;56%;60%;62%;22%;61%;62%;33%;54%;10%;25%;2%;3%;71%;69%;50%;83%;36%;78%;22%;53%;57%;45%;90%;65%;21%;6%;2%;9%;4%;15%;2%;13%;3%;3%
Delfshaven;21;Bospolder;95;83;107;82;70;71;106;87;66%;30%;66%;78%;73%;73%;54%;63%;67%;50%;43%;53%;58%;40%;47%;56%;48%;59%;57%;40%;6%;16%;73%;69%;36%;30%;49%;21%;26%;52%;42%;59%;16%;23%;2%;5%;61%;67%;48%;98%;66%;92%;36%;39%;80%;45%;98%;50%;11%;10%;0%;9%;3%;20%;3%;3%;7%;8%
Delfshaven;22;Tussendijken;87;71;103;65;58;63;104;67;55%;28%;63%;77%;75%;68%;57%;58%;60%;51%;39%;52%;55%;44%;34%;50%;42%;65%;61%;49%;9%;11%;63%;54%;34%;38%;48%;25%;34%;54%;39%;52%;18%;31%;3%;5%;59%;65%;49%;97%;74%;90%;45%;44%;74%;40%;97%;38%;9%;11%;4%;13%;7%;20%;5%;8%;6%;9%
Delfshaven;23;Spangen;92;85;99;65;73;84;113;92;59%;32%;63%;75%;72%;70%;56%;60%;64%;51%;45%;55%;64%;48%;48%;54%;47%;59%;53%;29%;8%;14%;65%;46%;40%;40%;56%;22%;47%;67%;31%;54%;8%;17%;4%;3%;67%;68%;49%;84%;60%;92%;56%;56%;82%;48%;94%;67%;15%;6%;2%;8%;3%;16%;4%;8%;10%;4%
Delfshaven;24;Nieuwe Westen;95;86;103;66;75;80;104;105;59%;32%;64%;74%;70%;68%;60%;57%;55%;47%;45%;48%;65%;46%;44%;61%;58%;62%;63%;34%;8%;8%;58%;49%;56%;53%;56%;25%;48%;64%;36%;54%;18%;26%;2%;2%;62%;65%;47%;94%;75%;86%;43%;42%;71%;53%;97%;43%;13%;10%;1%;6%;4%;15%;2%;7%;3%;3%
Delfshaven;25;Middelland;98;100;96;114;96;94;114;82;73%;19%;73%;76%;76%;69%;66%;64%;59%;54%;40%;54%;64%;54%;55%;64%;60%;66%;62%;32%;5%;6%;80%;72%;60%;49%;54%;20%;44%;68%;46%;55%;21%;29%;2%;8%;63%;72%;58%;96%;61%;90%;62%;55%;73%;63%;97%;39%;7%;22%;2%;7%;4%;26%;1%;12%;4%;6%
Delfshaven;29;Schiemond;115;118;112;114;122;131;103;118;72%;18%;84%;86%;84%;85%;67%;69%;86%;64%;65%;76%;70%;48%;76%;62%;55%;38%;38%;28%;1%;4%;83%;78%;46%;55%;67%;19%;56%;69%;23%;39%;4%;23%;1%;2%;79%;79%;52%;80%;23%;84%;40%;68%;75%;40%;80%;78%;41%;5%;3%;7%;3%;7%;7%;5%;3%;2%
Delfshaven;3004;OudMathenesse/Witte Dorp;89;78;100;39;59;88;101;103;53%;43%;60%;66%;72%;64%;62%;58%;56%;54%;32%;48%;57%;46%;35%;59%;46%;60%;67%;45%;13%;10%;71%;37%;45%;48%;54%;28%;51%;57%;27%;46%;9%;17%;2%;2%;67%;76%;41%;81%;64%;87%;55%;60%;70%;34%;91%;66%;10%;9%;2%;7%;2%;13%;2%;7%;5%;4%
Delfshaven;4001;Delfshaven;95;88;102;77;79;85;107;92;63%;30%;67%;76%;74%;70%;61%;61%;61%;52%;43%;54%;62%;48%;47%;59%;53%;60%;60%;37%;7%;9%;68%;56%;49%;48%;55%;23%;46%;62%;36%;53%;14%;24%;2%;4%;65%;69%;49%;90%;61%;88%;46%;51%;73%;48%;94%;54%;15%;11%;2%;8%;4%;17%;3%;8%;5%;5%
Feijenoord;17;Kop van Zuid;113;127;98;151;135;123;98;127;83%;10%;85%;72%;81%;76%;51%;56%;78%;79%;67%;74%;62%;62%;87%;66%;74%;38%;26%;25%;2%;3%;36%;30%;47%;58%;74%;6%;53%;71%;30%;37%;9%;36%;2%;4%;71%;81%;52%;72%;70%;79%;25%;26%;39%;23%;99%;80%;68%;7%;3%;1%;1%;19%;5%;23%;0%;0%
Feijenoord;79;Kop van Zuid-Entrepot;111;120;103;132;118;118;117;113;80%;16%;82%;87%;82%;83%;63%;74%;74%;61%;55%;72%;65%;49%;71%;64%;62%;55%;47%;35%;8%;8%;69%;50%;46%;72%;73%;14%;70%;77%;32%;57%;12%;25%;2%;3%;77%;82%;53%;98%;85%;90%;28%;48%;83%;46%;95%;71%;35%;12%;1%;5%;2%;21%;4%;5%;3%;0%
Feijenoord;80;Vreewijk;103;101;105;100;103;97;111;93;66%;20%;75%;84%;85%;78%;62%;87%;70%;53%;48%;50%;60%;47%;63%;65%;61%;48%;33%;45%;12%;9%;94%;78%;64%;41%;50%;22%;38%;52%;22%;48%;9%;31%;3%;5%;72%;73%;58%;67%;36%;81%;49%;63%;85%;77%;93%;59%;12%;9%;2%;5%;2%;13%;1%;6%;8%;10%
Feijenoord;81;Bloemhof;90;78;103;57;74;64;96;97;59%;38%;62%;75%;74%;71%;56%;69%;59%;52%;47%;55%;62%;46%;44%;55%;58%;56%;54%;45%;8%;13%;63%;40%;46%;34%;50%;21%;30%;45%;33%;54%;9%;43%;2%;5%;50%;69%;44%;88%;52%;89%;39%;40%;80%;52%;90%;39%;10%;6%;2%;11%;4%;17%;1%;5%;7%;4%
Feijenoord;82;Hillesluis;85;73;97;39;52;67;106;102;54%;44%;60%;74%;69%;65%;58%;66%;51%;43%;41%;55%;54%;39%;31%;51%;52%;64%;62%;42%;16%;20%;75%;58%;40%;39%;56%;17%;35%;57%;34%;53%;14%;36%;3%;2%;59%;66%;47%;95%;64%;91%;28%;49%;80%;48%;97%;54%;18%;7%;2%;7%;5%;15%;5%;7%;5%;2%
Feijenoord;85;Katendrecht;118;124;112;143;123;119;95;141;75%;8%;83%;85%;79%;74%;62%;64%;77%;69%;63%;74%;62%;57%;72%;66%;58%;56%;54%;35%;8%;2%;94%;83%;38%;53%;69%;9%;44%;78%;21%;34%;6%;20%;1%;3%;67%;76%;58%;35%;6%;92%;20%;55%;87%;18%;86%;63%;41%;1%;4%;3%;0%;10%;6%;8%;0%;1%
Feijenoord;86;Afrikaanderwijk;84;75;93;76;51;62;101;86;59%;26%;62%;75%;67%;61%;52%;61%;54%;53%;47%;55%;58%;37%;42%;45%;40%;63%;56%;30%;11%;18%;65%;53%;24%;42%;56%;17%;46%;61%;30%;48%;16%;36%;2%;3%;50%;62%;48%;96%;55%;88%;57%;49%;80%;46%;94%;32%;4%;9%;3%;8%;4%;20%;4%;14%;5%;4%
Feijenoord;87;Feijenoord;87;81;93;67;70;76;90;104;60%;33%;66%;74%;70%;70%;68%;69%;75%;47%;37%;51%;55%;40%;37%;61%;56%;66%;71%;42%;24%;17%;71%;57%;34%;51%;60%;19%;50%;65%;37%;57%;17%;35%;2%;1%;73%;67%;45%;86%;47%;85%;40%;38%;85%;40%;83%;49%;3%;6%;3%;7%;2%;14%;4%;9%;7%;1%
Feijenoord;88;Noordereiland;110;113;106;147;125;122;56;115;76%;7%;77%;80%;82%;79%;71%;63%;82%;58%;53%;54%;68%;62%;69%;74%;68%;51%;48%;49%;4%;5%;69%;61%;42%;52%;67%;7%;54%;77%;23%;49%;5%;30%;1%;4%;85%;80%;38%;77%;21%;56%;8%;31%;68%;8%;67%;65%;10%;5%;3%;3%;1%;10%;1%;5%;3%;6%
Feijenoord;4007;Feijenoord;96;92;99;86;88;86;102;98;65%;26%;70%;79%;76%;73%;60%;71%;66%;54%;48%;57%;60%;46%;53%;59%;57%;56%;50%;40%;11%;12%;74%;58%;45%;46%;58%;17%;43%;60%;30%;50%;11%;33%;2%;3%;65%;71%;50%;82%;50%;85%;36%;47%;80%;48%;91%;54%;18%;7%;2%;6%;3%;16%;3%;8%;5%;4%
Hillegersberg-Schiebroek;60;Schiebroek;117;118;116;138;97;118;131;105;82%;14%;74%;75%;76%;73%;62%;66%;76%;48%;36%;48%;65%;53%;55%;64%;60%;42%;31%;42%;16%;7%;97%;82%;80%;64%;59%;33%;62%;65%;17%;38%;4%;20%;1%;1%;79%;75%;67%;93%;59%;90%;77%;84%;86%;77%;97%;72%;17%;4%;1%;4%;2%;8%;4%;5%;7%;8%
Hillegersberg-Schiebroek;61;Hillegersberg-zuid;113;121;104;164;129;98;113;104;90%;9%;84%;86%;86%;77%;61%;68%;66%;60%;44%;41%;71%;64%;74%;80%;66%;45%;43%;52%;2%;3%;77%;64%;72%;54%;51%;27%;47%;57%;18%;46%;8%;52%;2%;2%;65%;66%;67%;81%;32%;95%;72%;63%;81%;64%;94%;28%;16%;10%;1%;6%;2%;15%;4%;4%;6%;3%
Hillegersberg-Schiebroek;62;Hillegersberg-noord;129;139;120;167;152;122;126;127;88%;7%;90%;90%;87%;87%;71%;79%;85%;74%;67%;79%;76%;58%;83%;76%;76%;35%;28%;41%;5%;5%;98%;76%;81%;60%;55%;20%;62%;59%;13%;43%;7%;30%;3%;2%;70%;79%;71%;89%;85%;97%;45%;73%;79%;71%;87%;66%;35%;5%;1%;3%;1%;7%;2%;6%;3%;3%
Hillegersberg-Schiebroek;64;Terbregge;115;136;95;154;174;138;86;126;88%;12%;94%;94%;94%;91%;70%;79%;85%;79%;70%;81%;83%;78%;94%;90%;84%;15%;13%;26%;3%;5%;95%;85%;85%;68%;60%;18%;62%;65%;10%;41%;2%;28%;3%;4%;72%;78%;68%;22%;18%;71%;22%;74%;80%;34%;53%;81%;35%;8%;0%;1%;0%;15%;0%;0%;4%;8%
Hillegersberg-Schiebroek;65;Molenlaankwartier;131;138;125;182;164;119;127;96;95%;4%;94%;92%;95%;89%;68%;84%;88%;75%;56%;57%;82%;65%;94%;87%;82%;13%;15%;22%;10%;8%;99%;91%;90%;52%;51%;30%;51%;53%;13%;45%;7%;43%;1%;6%;63%;81%;77%;93%;83%;89%;50%;80%;93%;74%;89%;68%;26%;9%;1%;3%;1%;13%;2%;7%;9%;7%
Hillegersberg-Schiebroek;4004;Hillegersberg-Schiebroek;121;127;114;157;132;115;124;106;87%;10%;84%;84%;85%;81%;65%;73%;78%;62%;49%;56%;72%;60%;73%;75%;69%;35%;29%;39%;9%;6%;94%;79%;81%;60%;55%;28%;58%;60%;15%;42%;6%;33%;2%;2%;71%;75%;69%;85%;60%;91%;62%;77%;84%;70%;90%;62%;23%;7%;1%;4%;2%;10%;3%;5%;6%;6%
Hoek van Holland;1;Strand en duin;126;142;111;170;178;128;98;135;92%;8%;98%;97%;98%;94%;81%;87%;81%;83%;80%;78%;83%;75%;96%;85%;83%;21%;6%;35%;15%;13%;91%;88%;48%;63%;65%;14%;54%;72%;8%;41%;6%;20%;3%;3%;83%;77%;69%;62%;42%;64%;42%;85%;66%;9%;80%;81%;51%;2%;24%;4%;1%;3%;9%;0%;0%;4%
Hoek van Holland;3001;Dorp/Rijnpoort;125;132;117;159;157;123;110;113;86%;9%;90%;95%;95%;90%;73%;84%;78%;74%;62%;69%;81%;65%;77%;82%;76%;29%;16%;42%;8%;11%;94%;77%;56%;59%;62%;20%;59%;68%;11%;34%;3%;19%;1%;1%;82%;72%;66%;85%;46%;96%;58%;87%;92%;6%;77%;70%;15%;4%;21%;3%;0%;7%;8%;2%;4%;6%
Hoek van Holland;4012;Hoek van Holland;126;134;118;161;161;124;109;114;87%;9%;91%;95%;95%;91%;74%;85%;78%;76%;65%;70%;81%;67%;80%;83%;77%;27%;15%;41%;9%;11%;93%;79%;55%;59%;62%;19%;58%;68%;10%;35%;3%;20%;2%;2%;82%;73%;66%;81%;46%;90%;55%;87%;88%;7%;77%;72%;22%;4%;22%;3%;0%;7%;8%;1%;4%;5%
Hoogvliet;92;Hoogvliet-noord;102;110;95;109;127;127;118;68;73%;21%;83%;84%;87%;77%;64%;81%;75%;71%;56%;66%;75%;54%;65%;71%;66%;37%;22%;33%;7%;4%;92%;67%;63%;57%;63%;37%;62%;69%;22%;47%;12%;22%;1%;1%;81%;81%;53%;86%;75%;94%;55%;52%;86%;61%;91%;65%;17%;9%;10%;4%;4%;12%;8%;5%;11%;13%
Hoogvliet;99;Hoogvliet-zuid;118;120;116;114;129;118;117;120;75%;21%;83%;89%;89%;85%;65%;80%;74%;69%;56%;66%;68%;53%;67%;75%;67%;39%;20%;46%;12%;6%;93%;74%;58%;55%;44%;25%;61%;58%;19%;41%;6%;19%;0%;2%;81%;78%;53%;90%;49%;88%;56%;66%;86%;75%;87%;66%;23%;4%;6%;3%;1%;10%;1%;1%;2%;8%
Hoogvliet;4011;Hoogvliet;112;115;109;112;128;121;117;98;74%;21%;83%;87%;89%;83%;64%;80%;75%;70%;56%;66%;71%;53%;67%;74%;67%;38%;21%;42%;10%;5%;92%;71%;60%;56%;51%;29%;61%;62%;20%;43%;8%;20%;0%;2%;81%;79%;53%;88%;58%;90%;56%;61%;86%;70%;88%;66%;21%;6%;7%;3%;2%;11%;3%;2%;5%;10%
IJsselmonde;83;Oud IJsselmonde;97;98;96;120;127;102;51;89;69%;13%;81%;82%;83%;77%;61%;74%;77%;73%;59%;64%;67%;61%;64%;75%;64%;44%;27%;45%;10%;4%;54%;35%;33%;57%;61%;18%;55%;59%;25%;51%;10%;26%;1%;1%;73%;75%;31%;27%;19%;40%;34%;37%;56%;17%;55%;68%;32%;12%;4%;6%;3%;15%;4%;7%;4%;8%
IJsselmonde;84;Lombardijen;94;88;100;85;75;81;109;90;62%;24%;69%;76%;74%;70%;65%;63%;67%;50%;40%;46%;57%;40%;45%;60%;55%;53%;45%;37%;17%;14%;95%;77%;54%;48%;48%;30%;48%;51%;30%;49%;14%;30%;1%;1%;63%;67%;53%;83%;60%;89%;36%;59%;78%;53%;89%;63%;17%;7%;1%;4%;3%;13%;2%;7%;9%;10%
IJsselmonde;90;Beverwaard;89;82;97;68;87;80;82;91;58%;30%;75%;82%;84%;78%;63%;75%;62%;53%;47%;54%;58%;47%;35%;60%;60%;57%;45%;55%;14%;15%;93%;68%;44%;45%;43%;24%;43%;46%;27%;48%;7%;33%;1%;2%;69%;68%;38%;64%;32%;89%;24%;48%;86%;19%;91%;57%;7%;3%;1%;10%;7%;13%;2%;3%;8%;9%
IJsselmonde;1009;Groot IJsselmonde-Noord;103;105;102;111;108;102;113;88;72%;19%;80%;79%;85%;78%;63%;73%;79%;55%;53%;54%;63%;47%;64%;66%;61%;45%;32%;44%;14%;11%;94%;74%;55%;62%;51%;25%;62%;62%;25%;52%;16%;31%;4%;3%;77%;73%;53%;82%;71%;88%;72%;57%;70%;47%;90%;58%;16%;6%;2%;4%;4%;14%;1%;8%;9%;9%
IJsselmonde;1010;Groot IJsselmonde-Zuid;100;100;100;90;91;101;105;111;61%;20%;72%;80%;78%;74%;62%;69%;77%;59%;47%;61%;65%;47%;52%;57%;51%;42%;32%;45%;19%;10%;93%;70%;56%;41%;53%;19%;46%;58%;26%;53%;13%;28%;1%;2%;74%;75%;47%;79%;69%;89%;46%;56%;75%;43%;92%;53%;16%;5%;1%;2%;2%;13%;2%;6%;7%;3%
IJsselmonde;4008;IJsselmonde;97;94;99;92;94;92;99;94;64%;22%;74%;80%;80%;75%;63%;70%;72%;56%;48%;55%;62%;47%;51%;62%;57%;48%;37%;45%;16%;11%;90%;69%;51%;49%;50%;24%;50%;55%;27%;51%;12%;30%;1%;2%;71%;71%;47%;73%;56%;84%;44%;54%;75%;39%;87%;59%;16%;6%;2%;5%;4%;13%;2%;6%;8%;8%
Kralingen-Crooswijk;14;Rubroek;102;103;101;97;89;95;113;123;66%;21%;74%;74%;72%;70%;69%;69%;76%;50%;43%;50%;55%;50%;52%;58%;53%;57%;54%;40%;7%;9%;78%;63%;45%;58%;58%;24%;56%;67%;30%;51%;17%;16%;1%;2%;71%;68%;54%;95%;74%;89%;54%;44%;69%;50%;91%;65%;19%;9%;1%;3%;3%;17%;2%;3%;3%;1%
Kralingen-Crooswijk;36;Nieuw Crooswijk;95;92;97;99;90;85;88;101;65%;20%;73%;83%;78%;76%;68%;63%;65%;61%;42%;54%;61%;52%;44%;58%;52%;59%;53%;46%;13%;7%;87%;79%;63%;41%;47%;25%;43%;58%;31%;54%;7%;21%;1%;2%;61%;68%;41%;46%;26%;78%;40%;83%;59%;31%;75%;83%;43%;8%;2%;7%;4%;15%;2%;18%;4%;1%
Kralingen-Crooswijk;37;Oud Crooswijk;88;77;99;44;57;92;100;90;52%;37%;61%;70%;66%;65%;59%;64%;61%;46%;42%;51%;48%;39%;41%;51%;54%;67%;66%;46%;8%;11%;84%;66%;55%;54%;57%;29%;51%;63%;45%;59%;21%;27%;2%;3%;72%;72%;42%;80%;50%;85%;54%;66%;74%;42%;85%;68%;9%;10%;1%;7%;6%;21%;3%;13%;5%;3%
Kralingen-Crooswijk;41;Kralingen-west;104;107;102;99;82;112;122;118;66%;20%;68%;77%;72%;69%;64%;59%;66%;54%;40%;53%;57%;50%;50%;58%;54%;53%;57%;33%;6%;7%;87%;78%;55%;57%;58%;28%;62%;62%;22%;39%;8%;25%;1%;4%;73%;77%;59%;96%;85%;94%;63%;58%;69%;63%;97%;56%;11%;6%;0%;4%;2%;9%;1%;8%;3%;4%
Kralingen-Crooswijk;45;De Esch;107;116;97;129;104;124;102;119;76%;14%;80%;76%;78%;77%;61%;63%;83%;66%;47%;58%;60%;46%;67%;63%;56%;43%;37%;38%;9%;3%;93%;90%;57%;59%;59%;25%;55%;66%;15%;37%;3%;20%;1%;1%;81%;73%;54%;71%;37%;95%;29%;88%;66%;9%;97%;82%;3%;3%;2%;6%;5%;9%;1%;7%;3%;4%
Kralingen-Crooswijk;47;Struisenburg;107;120;94;133;119;122;97;127;79%;15%;83%;87%;82%;80%;66%;65%;80%;58%;54%;49%;60%;61%;61%;62%;68%;43%;40%;26%;2%;0%;79%;59%;54%;50%;49%;16%;48%;57%;21%;48%;9%;19%;1%;2%;73%;77%;47%;69%;57%;71%;43%;52%;47%;39%;93%;66%;39%;10%;0%;3%;0%;18%;3%;12%;2%;0%
Kralingen-Crooswijk;3005;Kralingen Oost/Kralingse Bos;124;137;111;171;135;131;123;124;89%;6%;79%;89%;87%;77%;63%;73%;80%;64%;57%;55%;72%;61%;84%;75%;73%;25%;20%;29%;3%;2%;92%;83%;71%;71%;58%;21%;62%;68%;14%;34%;5%;15%;1%;3%;68%;74%;72%;88%;85%;89%;55%;70%;64%;56%;97%;62%;27%;2%;1%;1%;0%;7%;1%;14%;5%;6%
Kralingen-Crooswijk;4005;Kralingen-Crooswijk;104;107;102;106;94;108;114;112;69%;20%;72%;78%;75%;72%;64%;65%;72%;55%;45%;53%;58%;51%;56%;60%;57%;50%;49%;36%;6%;6%;86%;74%;56%;57%;56%;25%;57%;63%;25%;45%;10%;21%;1%;3%;72%;73%;55%;85%;68%;88%;53%;62%;66%;48%;93%;65%;18%;7%;1%;4%;3%;13%;2%;10%;4%;3%
Noord;15;Agniesebuurt;88;88;87;87;86;67;92;110;64%;25%;72%;78%;80%;76%;60%;61%;65%;58%;44%;59%;54%;52%;37%;63%;54%;68%;63%;37%;5%;7%;50%;32%;62%;46%;44%;26%;41%;44%;26%;49%;3%;21%;2%;5%;59%;58%;45%;85%;52%;81%;41%;23%;57%;53%;94%;49%;14%;11%;2%;5%;1%;15%;4%;7%;2%;3%
Noord;16;Provenierswijk;99;95;104;111;106;84;106;67;76%;23%;79%;81%;81%;75%;55%;63%;64%;58%;49%;49%;66%;59%;60%;63%;54%;64%;51%;29%;2%;6%;75%;57%;85%;40%;53%;25%;38%;59%;31%;49%;9%;14%;1%;2%;53%;62%;56%;88%;49%;79%;42%;41%;68%;60%;95%;62%;15%;15%;2%;3%;2%;19%;8%;18%;10%;8%
Noord;31;Bergpolder;101;108;93;119;95;109;100;119;76%;19%;70%;74%;72%;70%;57%;56%;65%;49%;32%;36%;62%;59%;56%;71%;69%;44%;66%;36%;1%;3%;77%;69%;64%;61%;62%;24%;58%;67%;19%;37%;7%;37%;2%;4%;59%;75%;56%;92%;49%;94%;61%;33%;71%;42%;92%;30%;3%;12%;1%;4%;2%;13%;2%;5%;2%;2%
Noord;34;Liskwartier;99;99;98;112;95;99;94;96;70%;17%;75%;79%;79%;70%;54%;64%;62%;52%;40%;48%;64%;55%;61%;59%;55%;56%;49%;37%;3%;3%;70%;44%;63%;59%;56%;22%;46%;62%;29%;51%;12%;24%;2%;3%;66%;71%;48%;94%;67%;94%;47%;29%;64%;38%;83%;40%;11%;13%;1%;8%;5%;17%;1%;7%;4%;4%
Noord;35;Oude Noorden;91;84;98;77;77;75;102;88;62%;29%;68%;77%;76%;74%;65%;71%;59%;54%;42%;51%;57%;44%;44%;59%;54%;55%;54%;46%;7%;11%;56%;35%;47%;41%;55%;25%;40%;62%;45%;55%;17%;25%;2%;3%;62%;70%;47%;94%;65%;88%;38%;34%;73%;41%;96%;55%;14%;11%;5%;6%;4%;19%;5%;11%;3%;4%
Noord;3011;Blijdorp/Blijdorpsepolder;121;137;105;174;140;131;117;123;91%;6%;88%;86%;88%;84%;76%;72%;79%;60%;37%;43%;66%;68%;82%;73%;71%;32%;40%;26%;1%;2%;95%;91%;81%;60%;56%;21%;56%;66%;15%;39%;6%;23%;1%;2%;68%;75%;70%;94%;44%;93%;69%;66%;78%;70%;90%;48%;12%;13%;1%;3%;0%;16%;1%;6%;1%;3%
Noord;4003;Noord;100;102;99;112;100;95;105;99;73%;20%;75%;79%;79%;75%;63%;66%;65%;55%;40%;47%;61%;55%;57%;65%;60%;50%;53%;37%;4%;6%;71%;56%;64%;51%;55%;24%;47%;62%;29%;47%;10%;25%;2%;3%;62%;70%;54%;92%;56%;89%;50%;40%;71%;50%;92%;47%;11%;12%;2%;5%;3%;17%;3%;9%;3%;4%
Overschie;51;Kleinpolder;98;101;95;100;98;114;106;89;68%;22%;77%;75%;73%;74%;59%;64%;74%;63%;54%;63%;69%;48%;51%;67%;53%;46%;45%;32%;14%;5%;95%;76%;69%;71%;60%;23%;68%;66%;21%;46%;7%;20%;2%;3%;75%;71%;52%;90%;64%;90%;62%;63%;78%;21%;78%;64%;18%;17%;2%;6%;4%;17%;2%;8%;5%;6%
Overschie;56;Overschie;99;99;98;129;120;86;95;65;77%;14%;81%;85%;82%;82%;66%;75%;70%;60%;51%;58%;66%;59%;63%;69%;62%;40%;35%;46%;25%;16%;90%;76%;70%;44%;52%;28%;46%;60%;27%;52%;7%;29%;1%;4%;68%;69%;48%;83%;68%;89%;53%;64%;79%;14%;74%;46%;17%;24%;3%;3%;3%;25%;6%;5%;11%;12%
Overschie;3006;NoordKethel/Schieveen/Zestienhoven;110;128;92;186;162;136;73;85;94%;1%;91%;91%;91%;92%;75%;95%;85%;76%;70%;79%;75%;70%;67%;94%;88%;21%;17%;24%;11%;1%;93%;92%;76%;56%;59%;17%;52%;58%;24%;51%;4%;11%;0%;1%;79%;74%;44%;20%;16%;38%;30%;71%;67%;39%;43%;86%;46%;13%;6%;3%;1%;14%;8%;8%;4%;10%
Overschie;4002;Overschie;100;103;97;122;115;104;97;76;74%;16%;80%;81%;78%;79%;63%;72%;74%;63%;55%;63%;68%;55%;58%;71%;59%;41%;38%;37%;18%;9%;93%;78%;70%;59%;57%;24%;57%;63%;24%;49%;7%;23%;1%;3%;73%;71%;49%;79%;60%;83%;54%;64%;77%;20%;72%;60%;22%;19%;3%;4%;3%;20%;4%;7%;7%;9%
Pernis;91;Pernis;110;122;97;151;155;116;100;88;84%;10%;93%;92%;92%;86%;76%;88%;75%;75%;59%;68%;82%;68%;62%;83%;77%;29%;13%;60%;4%;10%;89%;82%;61%;43%;58%;22%;48%;59%;13%;47%;2%;36%;1%;1%;80%;72%;58%;68%;18%;95%;62%;84%;85%;4%;68%;63%;28%;6%;16%;1%;2%;7%;15%;4%;8%;9%
Pernis;4010;Pernis;110;122;97;151;155;116;100;88;84%;10%;93%;92%;92%;86%;76%;88%;75%;75%;59%;68%;82%;68%;62%;83%;77%;29%;13%;60%;4%;10%;89%;82%;61%;43%;58%;22%;48%;59%;13%;47%;2%;36%;1%;1%;80%;72%;58%;68%;18%;95%;62%;84%;85%;4%;68%;63%;28%;6%;16%;1%;2%;7%;15%;4%;8%;9%
Prins Alexander;44;s-Gravenland;126;141;111;165;162;144;121;116;85%;6%;94%;92%;93%;90%;63%;83%;80%;78%;66%;74%;75%;68%;90%;79%;70%;27%;13%;39%;0%;2%;92%;74%;81%;61%;53%;18%;63%;66%;12%;49%;5%;27%;0%;1%;84%;79%;65%;90%;80%;87%;43%;56%;77%;59%;92%;72%;36%;7%;1%;2%;2%;12%;1%;5%;5%;3%
Prins Alexander;46;Kralingseveer;104;114;94;135;146;125;63;100;81%;16%;89%;86%;93%;83%;70%;76%;76%;76%;68%;64%;75%;71%;49%;83%;78%;25%;10%;41%;5%;4%;88%;69%;80%;47%;58%;22%;45%;55%;12%;49%;8%;61%;3%;2%;74%;81%;59%;21%;15%;36%;10%;78%;36%;16%;39%;70%;17%;3%;2%;8%;6%;7%;0%;0%;13%;25%
Prins Alexander;48;Prinsenland;120;131;109;155;121;134;124;121;82%;8%;84%;84%;84%;79%;52%;65%;77%;68%;55%;67%;65%;50%;71%;74%;64%;27%;23%;35%;3%;6%;99%;91%;78%;67%;53%;29%;74%;63%;14%;38%;6%;22%;1%;2%;83%;76%;64%;89%;58%;91%;66%;78%;81%;67%;89%;73%;18%;8%;2%;4%;2%;9%;1%;7%;6%;1%
Prins Alexander;49;Het Lage Land;108;113;103;125;94;117;120;109;75%;16%;75%;80%;76%;73%;60%;64%;76%;61%;44%;52%;62%;43%;55%;69%;56%;39%;32%;29%;5%;8%;92%;74%;62%;53%;49%;35%;67%;60%;23%;45%;6%;22%;1%;3%;82%;75%;61%;94%;42%;93%;59%;75%;75%;64%;91%;75%;13%;6%;0%;2%;1%;18%;3%;7%;4%;5%
Prins Alexander;63;Ommoord;120;124;116;152;129;106;124;112;84%;10%;86%;88%;91%;85%;67%;82%;81%;69%;52%;60%;72%;49%;67%;76%;66%;35%;20%;41%;13%;15%;96%;77%;70%;64%;47%;41%;77%;58%;19%;43%;12%;19%;1%;4%;76%;73%;61%;97%;68%;96%;53%;64%;81%;45%;97%;75%;19%;4%;1%;2%;1%;13%;0%;9%;11%;4%
Prins Alexander;66;Zevenkamp;118;119;118;117;115;107;124;132;73%;18%;81%;89%;89%;81%;72%;78%;67%;67%;58%;62%;67%;50%;52%;65%;62%;51%;40%;48%;6%;10%;92%;73%;61%;63%;49%;23%;70%;61%;19%;41%;7%;25%;0%;2%;70%;74%;55%;95%;57%;94%;88%;82%;85%;45%;95%;63%;10%;4%;0%;6%;3%;4%;1%;4%;2%;3%
Prins Alexander;67;Oosterflank;108;114;102;122;109;96;126;118;74%;16%;80%;83%;85%;82%;64%;77%;75%;65%;53%;59%;67%;46%;54%;69%;63%;48%;39%;42%;7%;10%;87%;64%;53%;52%;48%;29%;66%;58%;24%;52%;14%;23%;1%;3%;70%;71%;56%;88%;81%;95%;48%;62%;76%;78%;97%;69%;26%;9%;1%;3%;2%;14%;2%;3%;2%;4%
Prins Alexander;68;Nesselande;130;142;118;157;154;132;120;145;86%;10%;91%;90%;93%;85%;59%;75%;72%;84%;76%;87%;77%;59%;97%;80%;70%;28%;28%;35%;2%;4%;94%;86%;81%;82%;73%;7%;79%;75%;17%;48%;3%;26%;0%;3%;46%;86%;73%;98%;27%;99%;50%;79%;90%;16%;95%;71%;41%;1%;0%;1%;2%;7%;0%;3%;2%;4%
Prins Alexander;4006;Prins Alexander;118;124;112;140;125;114;123;116;80%;12%;84%;86%;88%;82%;64%;76%;76%;69%;56%;64%;69%;51%;67%;73%;65%;37%;27%;39%;7%;9%;93%;76%;68%;62%;52%;29%;71%;62%;19%;45%;9%;23%;1%;3%;74%;75%;61%;93%;60%;93%;58%;71%;80%;52%;93%;71%;21%;5%;1%;3%;2%;11%;1%;6%;5%;4%
Rotterdam Centrum;10;Stadsdriehoek;107;120;94;156;120;113;106;104;84%;9%;84%;87%;83%;79%;69%;53%;77%;64%;52%;56%;54%;62%;68%;65%;59%;44%;39%;26%;2%;4%;55%;36%;44%;65%;70%;13%;59%;69%;29%;45%;6%;27%;1%;1%;65%;75%;53%;97%;70%;90%;39%;14%;47%;28%;98%;71%;48%;15%;2%;2%;1%;27%;9%;19%;1%;1%
Rotterdam Centrum;11;Oude Westen;91;84;99;89;69;67;108;85;67%;27%;66%;72%;74%;67%;59%;64%;60%;49%;42%;49%;57%;42%;53%;50%;51%;55%;57%;50%;4%;7%;63%;52%;36%;39%;50%;20%;33%;54%;38%;52%;16%;34%;1%;3%;47%;64%;48%;94%;77%;91%;42%;40%;66%;51%;99%;48%;21%;14%;3%;4%;4%;20%;2%;17%;3%;6%
Rotterdam Centrum;12;Cool;100;102;98;132;92;94;93;98;76%;13%;76%;76%;81%;72%;54%;71%;72%;51%;46%;48%;56%;56%;61%;57%;40%;56%;51%;28%;8%;9%;68%;47%;67%;49%;63%;20%;36%;61%;42%;50%;8%;25%;2%;3%;32%;82%;54%;87%;80%;76%;30%;21%;48%;34%;98%;39%;23%;9%;4%;3%;3%;22%;11%;24%;1%;1%
Rotterdam Centrum;13;CS-kwartier;102;120;85;136;134;107;109;112;82%;16%;95%;93%;87%;86%;66%;54%;89%;70%;75%;66%;61%;68%;60%;65%;49%;42%;24%;23%;7%;7%;35%;29%;39%;73%;61%;22%;71%;68%;42%;56%;9%;33%;2%;3%;71%;78%;45%;83%;77%;67%;62%;42%;45%;58%;100%;83%;69%;24%;2%;1%;1%;40%;13%;28%;0%;0%
Rotterdam Centrum;3003;Nieuwe Werk/Dijkzigt;102;123;80;126;112;134;92;150;73%;13%;74%;72%;85%;72%;61%;69%;81%;54%;58%;59%;69%;57%;71%;61%;63%;26%;19%;12%;0%;1%;88%;81%;60%;55%;70%;10%;54%;77%;16%;31%;2%;15%;1%;2%;63%;70%;54%;74%;58%;85%;14%;19%;24%;16%;97%;65%;41%;6%;2%;2%;0%;16%;4%;1%;0%;0%
Rotterdam Centrum;4000;Rotterdam Centrum;101;107;95;131;104;97;103;97;77%;14%;78%;80%;81%;75%;64%;60%;73%;57%;50%;53%;56%;56%;63%;60%;54%;47%;44%;31%;3%;6%;61%;45%;47%;55%;64%;16%;49%;65%;33%;47%;9%;27%;1%;2%;55%;73%;52%;92%;73%;86%;37%;23%;50%;35%;98%;61%;39%;13%;3%;3%;2%;24%;7%;18%;1%;2%
Rozenburg;4;Rozenburg;115;121;108;148;145;103;113;98;80%;10%;87%;87%;87%;87%;69%;79%;75%;71%;58%;67%;74%;66%;72%;77%;71%;42%;16%;49%;7%;16%;88%;79%;61%;44%;53%;32%;43%;62%;13%;53%;5%;15%;2%;2%;71%;74%;56%;91%;33%;93%;67%;79%;82%;44%;79%;61%;23%;2%;13%;1%;0%;7%;11%;6%;6%;10%
Rozenburg;4013;Rozenburg;115;121;108;148;145;103;113;98;80%;10%;87%;87%;87%;87%;69%;79%;75%;71%;58%;67%;74%;66%;72%;77%;71%;42%;16%;49%;7%;16%;88%;79%;61%;44%;53%;32%;43%;62%;13%;53%;5%;15%;2%;2%;71%;74%;56%;91%;33%;93%;67%;79%;82%;44%;79%;61%;23%;2%;13%;1%;0%;7%;11%;6%;6%;10%
Rotterdam;5000;Rotterdam;104;103;104;106;102;99;111;97;71%;21%;76%;80%;80%;76%;63%;69%;70%;59%;48%;57%;63%;51%;56%;64%;59%;48%;43%;40%;9%;9%;82%;67%;57%;53%;55%;24%;53%;61%;26%;48%;10%;26%;2%;3%;69%;73%;53%;87%;59%;89%;49%;57%;75%;49%;91%;60%;19%;8%;3%;5%;3%;15%;3%;8%;5%;5%
