naam gebied (voormalig deelgemeente);wijknr;BUURT;Fysieke Index;Fysieke Index -subjectief;Fysieke Index -objectief;Vastgoed objectief;Openbare Ruimte objectief;Voorzieningen objectief;Milieu objectief;% kwetsbare meergezinswoningen;% kleine eengezinswoningen;gemiddelde WOZ per m2 woningoppervlakte;% woningen in funderingsrisicogebied;% leegstaande woningen;% woningen met overbezetting;% woningen met onderbezetting;vraagdruk sociale huurwoningen;gemiddelde looptijd (dagen) per verkooptransactie koopwoningen;% tevreden over onderhoud eigen woning;% tevreden over onderhoud naastgelegen woningen;% tevreden over onderhoud bebouwing buurt;% metingen onder de norm (gewogen);% metingen onder de norm (gewogen);% metingen onder de norm (gewogen);% metingen onder de norm (gewogen);% metingen onder de norm (gewogen);% metingen onder de norm (gewogen);% metingen onder de norm (gewogen);% metingen onder de norm (gewogen);% metingen onder de norm (gewogen);aantal verkeersongevallen per duizend inwoners;% verkooppunten directe risicobranches;% verkooppunten met leegstand;% woningen met bakker binnen normafstand;% woningen met groenteboer binnen normafstand;% woningen met slager binnen normafstand;% woningen met drogist binnen normafstand;aantal bakkers ;aantal groenteboeren ;aantal slagers ;aantal drogisten ;% woningen met gymzaal binnen normafstand;% woningen met sporthal binnen normafstand;% woningen met zwembad binnen normafstand;% woningen met voetbalveld binnen normafstand;aantal gymzalen ;aantal sporthallen ;aantal zwembaden ;aantal voetbalvelden ;% woningen met speeltuin binnen normafstand;% woningen met TOS/Duimdrop binnen normafstand;aantal speeltuinen ;aantal TOS/Duimdrop ;% woningen met basisscholen binnen normafstand;% woningen met VMBO scholen binnen normafstand;% woningen met HAVO VWO scholen binnen normafstand;aantal basisscholen ;aantal VMBO scholen ;aantal HAVO VWO scholen ;% woningen met tandartspraktijk binnen normafstand;% woningen met fysiotherapeut binnen normafstand;% woningen met huisartspraktijk binnen normafstand;% woningen met apotheek binnen normafstand;aantal tandartspraktijken ;aantal fysiotherapeuten ;aantal huisartspraktijken ;aantal apotheken ;% woningen met bushaltes binnen normafstand;% woningen met metrostations binnen normafstand;% woningen met tramhaltes binnen normafstand;aantal bushaltes ;aantal metrostations ;aantal tramhaltes ;gemiddelde NO2-concentratie 2009 irt grenswaarde 40 µg/m3;% woningen in geluidscontour vanaf 55 dB
Charlois;71;Tarwewijk;79;64;93;70;87;114;102;55%;3%;1051;84%;9%;11%;67%;121;234;47%;32%;28%;5%;36%;1%;9%;10%;57%;10%;5%;5%;12;4%;6%;99%;100%;100%;100%;5,9;5,8;6,1;6;85%;100%;100%;11%;2,2;2,1;1,1;0,1;100%;100%;3,5;20,5;89%;85%;96%;1,5;1,6;1,3;80%;92%;86%;88%;3;1,9;1,5;1,2;33%;100%;100%;0,4;2,2;13,8;78%;57%
Charlois;72;Carnisse;83;65;101;62;96;116;131;80%;0%;1250;82%;8%;8%;70%;123;343;38%;23%;18%;11%;22%;4%;13%;5%;42%;6%;4%;5%;8;7%;7%;91%;89%;87%;88%;5,6;4,9;4,8;4,8;59%;99%;88%;83%;0,8;1,8;0,9;2,7;100%;100%;2;17,2;67%;100%;100%;1;3,6;2,4;93%;74%;97%;96%;3,5;1,8;4,1;1,4;100%;100%;100%;3,9;1,2;8,1;76%;39%
Charlois;73;Zuidwijk;98;90;106;94;99;91;140;48%;4%;1400;5%;3%;6%;79%;93;322;54%;43%;43%;2%;20%;0%;1%;6%;38%;15%;6%;3%;10;1%;17%;51%;54%;67%;38%;1,1;0,9;1,9;1,1;66%;22%;0%;100%;1,1;0,2;0;5,5;90%;100%;1,4;5,6;44%;100%;100%;0,6;2;1,3;61%;52%;70%;76%;0,6;0,6;1,3;0,8;50%;79%;100%;0,7;0,9;4,1;69%;47%
Charlois;74;Oud-Charlois;90;86;94;80;73;100;121;49%;0%;1285;78%;7%;9%;71%;113;312;54%;44%;37%;16%;34%;5%;8%;12%;44%;16%;8%;8%;9;3%;8%;82%;90%;90%;85%;2,5;2,5;2,4;2,3;53%;100%;0%;57%;0,9;2,1;0;1;93%;100%;1,2;12,7;74%;100%;100%;1,2;3,6;1,8;31%;54%;89%;53%;0,6;1,9;3,2;0,7;80%;5%;100%;1,5;0;8;76%;46%
Charlois;75;Wielewaal;87;75;99;71;64;86;176;0%;92%;1229;6%;47%;3%;46%;201;;8%;3%;25%;17%;66%;6%;6%;7%;29%;26%;21%;14%;6;0%;0%;44%;57%;53%;57%;0,4;0,6;0,5;0,6;80%;100%;0%;100%;0,8;1;0;2,2;100%;100%;1,8;10,2;0%;100%;93%;0;3,8;1,6;0%;12%;38%;0%;0;0,1;0,4;0;25%;9%;100%;0,3;0,1;4,5;69%;13%
Charlois;76;Zuidplein;93;103;83;90;82;119;43;6%;0%;1337;4%;6%;6%;79%;0;395;69%;49%;39%;8%;37%;0%;0%;4%;50%;5%;5%;3%;74;0%;6%;100%;100%;100%;100%;4,7;4,3;4,2;7,5;44%;100%;100%;100%;0,4;1;1;3,1;100%;100%;3,9;20,2;0%;100%;100%;0;2;1;100%;56%;100%;83%;6,9;0,6;1;1,4;100%;100%;100%;12,3;1,8;13,5;88%;100%
Charlois;77;Pendrecht;104;100;108;97;112;91;132;32%;2%;1313;6%;5%;9%;73%;187;287;59%;44%;46%;1%;32%;1%;4%;8%;34%;10%;3%;1%;6;2%;13%;46%;46%;49%;47%;1,8;1,5;2;1,8;30%;70%;0%;100%;0,5;0,7;0;4;98%;100%;1,6;7,3;54%;25%;54%;0,8;0,4;0,8;91%;82%;69%;51%;1,4;1,4;0,8;0,5;80%;98%;100%;1,3;1;3,1;69%;54%
Charlois;78;Zuiderpark en Zuidrand;100;102;98;91;79;100;121;0%;5%;2088;29%;15%;6%;69%;39;336;69%;60%;35%;4%;23%;1%;13%;1%;34%;5%;2%;6%;103;0%;0%;5%;14%;14%;14%;0;0,1;0,1;0,1;69%;66%;18%;100%;1;0,7;0,2;3,1;92%;100%;1;11,3;51%;82%;79%;0,8;3,6;1,4;21%;56%;60%;55%;0,4;0,7;2,4;0,7;71%;84%;92%;1,6;1,2;4,4;73%;53%
Charlois;93;Heijplaat;78;75;82;103;103;65;55;13%;15%;1405;20%;4%;4%;80%;76;188;52%;53%;40%;4%;57%;0%;0%;0%;10%;14%;2%;11%;4;0%;13%;60%;59%;58%;59%;1,1;0,6;0,6;0,6;55%;0%;0%;100%;0,6;0;0;1;100%;25%;1;0,4;45%;0%;0%;0,4;0;0;0%;62%;0%;59%;0;0,6;0;0,6;95%;0%;0%;1,8;0;0;84%;91%
Charlois;4009;Charlois;89;80;98;79;86;106;123;49%;4%;1275;48%;7%;8%;72%;127;305;51%;38%;34%;7%;33%;2%;7%;7%;39%;11%;5%;5%;13;2%;8%;73%;75%;78%;71%;3,3;3;3,3;3,1;59%;77%;37%;72%;1,1;1,3;0,4;2,6;96%;98%;1,9;12,5;63%;82%;89%;1;2,3;1,5;68%;69%;80%;71%;1,8;1,5;2,1;0,9;69%;73%;98%;1,8;1;7,3;74%;50%
Delfshaven;20;Delfshaven;97;86;109;111;119;100;104;41%;0%;1366;85%;4%;8%;73%;961;132;55%;37%;36%;6%;29%;5%;4%;16%;27%;4%;1%;1%;9;1%;3%;76%;84%;83%;84%;1,4;1,6;1,6;1,7;88%;0%;0%;0%;0,9;0;0;0;97%;100%;1,7;19,6;74%;100%;100%;1,7;3,4;2,4;98%;12%;100%;23%;1,8;0,2;1,8;0,3;29%;100%;100%;0,4;2,6;23,9;80%;52%
Delfshaven;21;Bospolder;95;81;109;83;132;105;116;48%;0%;1313;91%;5%;14%;65%;347;228;42%;40%;30%;2%;10%;3%;1%;3%;48%;4%;2%;0%;6;6%;5%;100%;100%;100%;100%;4,3;3,7;4,8;4,7;97%;7%;2%;14%;1,3;0,1;0;0,2;100%;100%;2,3;18,5;87%;100%;68%;1,6;2,2;1,2;70%;54%;98%;100%;1,3;0,5;4,1;1,4;16%;100%;100%;0,2;2,5;21,7;78%;46%
Delfshaven;22;Tussendijken;90;69;110;94;132;111;102;42%;0%;1233;82%;4%;11%;70%;281;123;43%;35%;35%;0%;9%;4%;5%;5%;37%;3%;2%;0%;12;3%;12%;100%;99%;98%;99%;7,1;6,3;7,1;7,1;84%;47%;32%;94%;1,6;0,5;0,3;1,5;100%;100%;2,1;20,6;97%;100%;29%;2,2;1,3;0,4;95%;76%;100%;98%;1,8;1,5;6;1,5;3%;100%;100%;0;2,5;22,5;80%;53%
Delfshaven;23;Spangen;93;87;98;94;111;104;85;32%;0%;1238;96%;5%;15%;64%;158;126;53%;48%;44%;6%;25%;4%;4%;8%;49%;4%;1%;1%;13;3%;14%;84%;85%;85%;85%;3,3;3,3;3,2;3,6;59%;100%;100%;100%;1;1;1;2,8;99%;100%;1,6;17,6;89%;100%;15%;1,8;1,3;0,2;97%;61%;98%;99%;1,9;0,8;4,6;1;45%;100%;100%;0,5;1,8;17,8;78%;73%
Delfshaven;24;Nieuwe Westen;104;98;111;113;115;118;97;28%;0%;1406;93%;5%;11%;70%;726;130;58%;48%;45%;1%;13%;5%;7%;6%;29%;2%;1%;3%;12;7%;7%;99%;96%;96%;96%;5,9;4,7;4,8;4,6;94%;71%;55%;83%;1,6;0,7;0,6;1,5;100%;100%;2,9;23;78%;100%;100%;1,6;1,9;4,6;89%;85%;94%;92%;3,5;1,9;4,3;1,5;83%;95%;100%;1,3;2,3;28,7;81%;56%
Delfshaven;25;Middelland;107;102;111;105;144;120;76;23%;0%;1536;99%;6%;9%;69%;181;158;59%;56%;51%;1%;6%;2%;8%;4%;13%;1%;0%;0%;7;4%;8%;96%;97%;96%;97%;3,7;2,9;3,5;3,5;86%;99%;94%;36%;1,3;1;0,9;0,4;99%;100%;2,2;22,4;91%;100%;100%;1,5;2,7;7,2;100%;86%;98%;62%;6;2,2;7,3;0,8;81%;100%;100%;1,2;3,9;40;88%;59%
Delfshaven;29;Schiemond;120;117;123;126;122;96;149;15%;0%;1893;0%;4%;11%;63%;223;151;74%;73%;68%;2%;20%;3%;1%;2%;7%;2%;4%;2%;8;0%;9%;70%;76%;76%;76%;0,7;0,8;0,8;0,9;79%;26%;0%;0%;1;0,3;0;0;54%;100%;0,7;15,7;63%;100%;81%;0,6;2;1,7;36%;76%;81%;53%;0,4;1;1,5;0,5;37%;100%;100%;0,4;1,8;20,5;78%;22%
Delfshaven;3004;OudMathenesse/Witte Dorp;86;80;93;84;92;101;94;64%;0%;1320;45%;6%;9%;72%;236;292;51%;37%;28%;10%;23%;9%;11%;7%;36%;8%;2%;2%;21;2%;2%;79%;86%;82%;84%;2,5;2,5;1,9;2;66%;100%;100%;100%;0,7;1;1;1;75%;100%;0,7;8;43%;100%;0%;0,4;1;0;90%;55%;88%;94%;1,5;0,5;2;0,9;96%;99%;100%;1,8;1;9,5;78%;65%
Delfshaven;4001;Delfshaven;99;91;107;103;116;111;99;35%;0%;1403;80%;5%;11%;69%;450;177;55%;47%;42%;4%;18%;4%;6%;7%;31%;4%;2%;1%;11;4%;8%;90%;92%;91%;92%;4;3,5;3,7;3,7;83%;65%;56%;61%;1,2;0,7;0,6;1,1;93%;100%;2;18,9;78%;100%;66%;1,5;1,9;2,8;87%;68%;95%;81%;2,7;1,3;4,3;1,1;58%;99%;100%;0,9;2,4;24,5;80%;55%
Feijenoord;17;Kop van Zuid;114;124;104;114;139;86;76;0%;5%;2719;0%;17%;6%;50%;4;186;79%;85%;90%;0%;4%;7%;0%;0%;7%;0%;0%;0%;36;0%;5%;10%;10%;10%;0%;0,1;0,1;0,1;0;0%;84%;71%;0%;0;1,4;0,7;0;53%;100%;0,5;17,2;16%;100%;100%;0,2;1;1;100%;45%;68%;13%;6,2;0,5;0,7;0,1;65%;100%;100%;0,6;3,4;21,7;83%;70%
Feijenoord;79;Kop van Zuid-Entrepot;115;116;113;126;115;109;100;12%;0%;1783;10%;4%;9%;69%;177;133;77%;68%;59%;8%;21%;2%;8%;8%;35%;4%;1%;1%;12;1%;9%;73%;77%;78%;80%;2,5;1,4;2,2;2,3;46%;100%;96%;0%;0,5;1,8;1;0;82%;100%;2,5;17,6;71%;68%;97%;1,1;1,1;1;100%;87%;92%;86%;3,1;1,6;3,3;0,9;85%;100%;100%;1,6;2,4;22,7;78%;61%
Feijenoord;80;Vreewijk;103;95;111;98;115;94;134;14%;26%;1550;16%;4%;6%;81%;221;281;50%;43%;41%;9%;25%;4%;4%;6%;34%;3%;1%;1%;14;2%;10%;41%;42%;47%;42%;1,2;1;1,1;1,1;62%;100%;25%;100%;1,1;2,2;0,3;3,6;95%;100%;2,4;16,2;46%;96%;99%;0,6;1,2;1,6;43%;41%;45%;43%;1,5;1;1;0,5;83%;34%;100%;1,2;0,5;15,1;74%;40%
Feijenoord;81;Bloemhof;89;68;109;77;118;113;128;36%;18%;1263;43%;6%;13%;68%;161;217;45%;36%;31%;3%;28%;1%;6%;12%;32%;4%;1%;1%;10;5%;9%;98%;96%;96%;96%;5,9;4,4;5,6;4,6;93%;100%;80%;34%;1,6;1,9;0,9;0,3;100%;100%;4,2;21,6;87%;100%;95%;1,5;2,6;1,4;96%;70%;76%;94%;2,9;0,9;1,5;1,6;71%;100%;100%;0,8;2;15,7;75%;43%
Feijenoord;82;Hillesluis;84;71;97;68;104;110;108;45%;0%;1133;66%;7%;15%;63%;120;316;51%;35%;29%;4%;20%;7%;10%;20%;39%;5%;0%;3%;17;4%;9%;91%;92%;93%;92%;4,2;2,6;4,4;3,7;100%;100%;48%;80%;2,4;1,7;0,5;1,4;100%;100%;3,3;19,2;97%;77%;46%;1,9;1,4;0,5;95%;85%;97%;51%;3;0,9;3;0,8;88%;44%;100%;1,7;0,7;16,8;75%;59%
Feijenoord;85;Katendrecht;127;131;124;124;135;97;138;31%;0%;1804;44%;4%;7%;76%;135;77;65%;63%;64%;5%;20%;1%;1%;3%;18%;3%;0%;1%;7;3%;1%;46%;51%;51%;49%;0,8;0,9;0,9;0,5;0%;100%;15%;0%;0;1,7;0,2;0;100%;100%;1,9;18,7;63%;41%;62%;0,7;0,5;0,6;82%;58%;73%;72%;0,9;0,6;1,1;0,7;100%;77%;100%;2,4;1,9;19,9;76%;34%
Feijenoord;86;Afrikaanderwijk;91;81;101;87;114;114;91;41%;0%;1191;66%;3%;15%;67%;141;172;43%;42%;35%;4%;26%;6%;11%;12%;33%;6%;1%;1%;10;2%;8%;99%;97%;99%;98%;3,4;2,5;2,8;2,9;69%;100%;100%;0%;1,2;1,4;1;0;100%;100%;2,6;22,5;99%;100%;100%;1,5;2,9;1;88%;62%;87%;95%;1,7;0,6;1,9;1,8;99%;100%;100%;1,4;2,7;16,8;79%;66%
Feijenoord;87;Feijenoord;93;82;104;107;121;77;110;41%;0%;1244;29%;1%;14%;69%;200;138;57%;54%;43%;4%;34%;0%;3%;6%;34%;6%;1%;1%;7;11%;14%;82%;64%;96%;64%;1;0,8;1,5;0,8;0%;100%;51%;42%;0;1,3;0,5;0,5;97%;100%;1,9;14,8;33%;0%;15%;0,9;0;0,1;10%;46%;31%;21%;0,1;0,8;1,5;0,2;99%;72%;100%;3,2;1,1;22,3;75%;57%
Feijenoord;88;Noordereiland;111;113;109;116;133;83;104;23%;0%;1872;73%;5%;4%;80%;98;182;62%;56%;64%;0%;11%;0%;3%;14%;12%;2%;0%;1%;13;0%;13%;60%;63%;62%;63%;0,7;0,7;0,7;0,7;50%;68%;0%;0%;0,5;0,9;0;0;0%;100%;0;14,8;0%;0%;52%;0;0;0,5;75%;72%;62%;15%;1,1;1;0,8;0,1;100%;100%;100%;2,2;4,8;29,1;82%;48%
Feijenoord;4007;Feijenoord;99;90;108;97;117;104;114;28%;9%;1485;40%;5%;10%;70%;174;179;55%;48%;44%;5%;23%;3%;5%;9%;29%;4%;1%;1%;13;3%;8%;72%;71%;75%;71%;2,7;2;2,7;2,3;60%;98%;56%;43%;1,1;1,7;0,6;1,1;89%;100%;2,6;18,4;65%;74%;78%;1,1;1,4;1;75%;64%;70%;60%;2,2;0,9;1,8;0,9;86%;74%;100%;1,5;1,7;18,5;77%;51%
Hillegersberg-Schiebroek;60;Schiebroek;117;116;118;116;109;101;144;22%;3%;1909;33%;3%;5%;80%;125;165;59%;50%;55%;0%;34%;1%;3%;7%;20%;12%;3%;4%;4;0%;4%;63%;52%;49%;51%;1,4;1;0,8;1;77%;59%;61%;100%;1,4;0,6;0,6;1,5;25%;14%;0,3;0,2;59%;93%;88%;0,9;1,8;1,1;79%;71%;64%;52%;1,8;1,4;1,8;0,7;83%;87%;100%;1,5;1,4;7,5;67%;48%
Hillegersberg-Schiebroek;61;Hillegersberg-zuid;113;124;102;117;91;101;98;12%;0%;1976;99%;6%;4%;79%;233;170;61%;51%;52%;3%;24%;4%;11%;5%;26%;9%;4%;7%;10;0%;10%;52%;46%;45%;75%;1;0,6;0,5;1,2;36%;97%;90%;93%;0,4;1;0,9;0,9;84%;100%;1,5;3,9;62%;13%;99%;0,7;0,1;1;93%;80%;93%;62%;3,1;2,1;2,3;1;86%;71%;100%;1,6;0,8;13,8;79%;59%
Hillegersberg-Schiebroek;62;Hillegersberg-noord;126;130;121;130;118;97;139;17%;1%;2507;38%;7%;3%;79%;104;133;72%;66%;66%;0%;19%;1%;2%;5%;13%;8%;2%;3%;6;0%;4%;30%;35%;32%;32%;1,3;1;1,2;1,2;56%;3%;99%;100%;0,8;0;1;2,3;73%;5%;0,7;0,1;28%;95%;99%;0,3;2,8;1,9;92%;72%;74%;55%;3,1;3,2;4,1;0,6;80%;1%;100%;1,6;0;5;67%;50%
Hillegersberg-Schiebroek;64;Terbregge;113;134;92;122;88;64;94;0%;7%;2427;37%;3%;8%;73%;0;202;81%;79%;82%;0%;38%;3%;11%;3%;14%;13%;3%;4%;23;0%;0%;0%;0%;0%;0%;0;0;0;0;2%;1%;0%;79%;0;0;0;0,9;89%;11%;1,5;0,4;27%;0%;0%;0,3;0;0;50%;43%;42%;0%;0,6;0,7;0,4;0;64%;17%;7%;0,7;0,2;0,5;73%;77%
Hillegersberg-Schiebroek;65;Molenlaankwartier;127;134;119;126;113;86;151;2%;1%;2664;79%;6%;5%;77%;4;127;75%;72%;88%;0%;21%;1%;2%;1%;6%;11%;3%;5%;6;0%;3%;30%;28%;33%;36%;0,6;0,4;0,6;0,9;53%;0%;58%;99%;0,7;0;0,6;1,5;45%;0%;0,6;0;51%;71%;76%;0,7;1,3;1;67%;64%;89%;47%;1;0,7;1,7;0,5;71%;0%;24%;1,4;0;0,4;69%;38%
Hillegersberg-Schiebroek;4004;Hillegersberg-Schiebroek;119;124;114;122;105;98;133;14%;2%;2204;55%;5%;5%;79%;116;155;66%;59%;64%;1%;27%;2%;5%;4%;16%;10%;3%;5%;7;0%;6%;45%;40%;39%;46%;1,1;0,7;0,7;1;56%;41%;69%;97%;0,9;0,4;0,7;1,5;53%;26%;0,7;0,9;50%;68%;85%;0,7;1,5;1,2;80%;70%;74%;50%;2,1;1,7;2,2;0,6;80%;48%;81%;1,5;0,7;6,5;69%;50%
Hoek van Holland;1;Strand en duin;129;141;117;115;124;43;185;0%;3%;2493;0%;7%;4%;73%;0;688;90%;85%;79%;2%;14%;3%;0%;9%;9%;2%;3%;1%;10;2%;2%;2%;2%;2%;2%;0;0;0;0;0%;8%;3%;97%;0;0,1;0;1;1%;0%;0;0;0%;0%;0%;0;0;0;51%;1%;0%;0%;0,5;0;0;0;66%;57%;0%;0,9;1;0;52%;10%
Hoek van Holland;3001;Dorp/Rijnpoort;124;128;120;132;116;77;155;3%;1%;1883;0%;4%;3%;84%;187;300;76%;69%;71%;4%;14%;1%;2%;30%;24%;6%;2%;2%;5;1%;2%;42%;45%;58%;45%;1,1;0,8;1;1;33%;98%;93%;83%;0,5;1;0,9;0,8;74%;0%;0,7;0;49%;0%;0%;0,6;0;0;50%;45%;53%;0%;0,5;1,7;0,9;0;80%;92%;0%;1,5;1,3;0;57%;41%
Hoek van Holland;4012;Hoek van Holland;126;130;121;127;118;72;169;3%;2%;1992;0%;4%;3%;82%;187;394;79%;72%;72%;3%;14%;2%;1%;23%;19%;5%;3%;2%;6;1%;2%;34%;37%;48%;37%;0,9;0,6;0,8;0,8;27%;81%;76%;86%;0,4;0,8;0,8;0,9;60%;0%;0,6;0;39%;0%;0%;0,4;0;0;50%;37%;43%;0%;0,5;1,4;0,7;0;78%;86%;0%;1,4;1,2;0;56%;32%
Hoogvliet;92;Hoogvliet-noord;107;109;106;122;102;75;124;11%;7%;1461;1%;5%;6%;78%;195;177;74%;61%;60%;0%;27%;4%;6%;3%;12%;9%;2%;4%;13;0%;17%;30%;30%;30%;34%;0,5;0,5;0,5;0,6;17%;22%;69%;52%;0,3;0,2;0,7;0,5;57%;0%;0,8;0;53%;51%;1%;0,5;0,5;0;63%;51%;27%;64%;0,9;1;1,2;0,8;81%;40%;0%;1,5;0,8;0;67%;65%
Hoogvliet;99;Hoogvliet-zuid;119;118;120;127;109;84;160;8%;3%;1407;0%;2%;4%;83%;45;148;70%;59%;62%;1%;17%;10%;11%;4%;16%;7%;3%;6%;3;0%;19%;38%;41%;40%;42%;0,9;0,7;0,9;1,3;42%;92%;43%;96%;0,6;1,4;0,4;1;48%;0%;0,6;0;39%;69%;87%;0,5;1,3;0,9;60%;58%;53%;62%;0,7;1;1;0,6;85%;98%;0%;1,3;2,1;0;60%;37%
Hoogvliet;4011;Hoogvliet;114;114;114;123;105;82;147;9%;4%;1426;1%;3%;5%;81%;73;161;72%;59%;62%;1%;22%;7%;9%;4%;14%;8%;3%;5%;7;0%;18%;35%;37%;36%;39%;0,7;0,6;0,8;1;33%;67%;53%;80%;0,5;1;0,5;0,8;51%;0%;0,7;0;44%;62%;56%;0,5;1;0,6;61%;56%;44%;63%;0,8;1;1,1;0,7;84%;77%;0%;1,4;1,6;0;64%;47%
IJsselmonde;83;Oud IJsselmonde;104;108;100;117;119;61;101;12%;3%;1748;25%;7%;8%;73%;403;327;75%;70%;68%;0%;15%;2%;0%;0%;10%;5%;0%;1%;35;0%;1%;0%;0%;0%;0%;0;0;0;0;28%;36%;17%;72%;0,3;0,4;0,2;1,4;66%;98%;0,8;5,8;18%;0%;0%;0,2;0;0;39%;30%;0%;0%;0,7;0,3;0;0;82%;0%;100%;1,3;0;12,5;72%;74%
IJsselmonde;84;Lombardijen;103;92;114;94;138;93;131;36%;6%;1495;13%;4%;6%;80%;67;286;56%;43%;38%;2%;14%;0%;1%;1%;27%;3%;0%;0%;9;0%;6%;34%;37%;37%;38%;1,1;0,9;1,2;1;39%;99%;0%;94%;0,7;2;0;2,6;100%;100%;1,8;3,5;38%;69%;77%;0,6;0,9;0,9;70%;53%;53%;64%;1,1;1,2;0,7;0,7;79%;0%;100%;1,3;0;10,1;71%;50%
IJsselmonde;90;Beverwaard;95;85;104;109;124;64;120;28%;1%;1338;0%;3%;7%;73%;144;210;63%;48%;44%;0%;25%;2%;5%;16%;45%;9%;2%;1%;3;0%;18%;27%;28%;29%;31%;0,5;0,3;0,5;0,6;50%;0%;0%;0%;0,6;0;0;0;47%;99%;0,5;1,8;48%;0%;0%;1;0;0;52%;29%;34%;42%;0,5;0,3;0,3;0,4;34%;0%;100%;0,4;0;12,3;69%;64%
IJsselmonde;1009;Groot IJsselmonde-Noord;109;103;115;108;152;90;108;14%;11%;1611;36%;3%;5%;81%;194;257;58%;48%;44%;4%;10%;0%;0%;0%;13%;2%;0%;0%;3;0%;6%;36%;37%;38%;36%;1,3;1,1;1,4;1,8;57%;31%;83%;55%;1;0,3;0,8;1,8;88%;100%;1,3;4,1;35%;96%;13%;0,5;1,9;0,1;78%;32%;42%;38%;1,3;0,4;0,7;0,4;75%;0%;100%;1,2;0;16,7;69%;74%
IJsselmonde;1010;Groot IJsselmonde-Zuid;109;107;111;105;123;87;127;34%;4%;1447;18%;5%;5%;79%;194;312;65%;53%;51%;0%;18%;0%;1%;6%;30%;3%;0%;3%;17;0%;9%;44%;33%;32%;36%;0,6;0,4;0,4;0,6;65%;64%;28%;47%;1;0,7;0,3;1,7;74%;100%;0,8;3,3;43%;93%;56%;0,5;1,9;0,6;52%;31%;51%;56%;0,7;0,3;0,9;0,7;83%;0%;100%;1,1;0;13,8;69%;57%
IJsselmonde;4008;IJsselmonde;103;98;108;103;125;87;119;27%;5%;1504;18%;4%;6%;78%;133;284;62%;50%;47%;1%;16%;1%;1%;5%;25%;4%;1%;1%;11;0%;7%;33%;31%;31%;32%;0,8;0,6;0,8;0,9;51%;51%;27%;54%;0,8;0,8;0,3;1,6;78%;100%;1,1;3,5;39%;63%;36%;0,6;1,1;0,4;61%;36%;41%;46%;0,9;0,5;0,6;0,5;72%;0%;100%;1,1;0;13,2;70%;62%
Kralingen-Crooswijk;14;Rubroek;101;93;110;111;134;117;79;22%;0%;1811;4%;3%;6%;81%;109;157;48%;38%;38%;2%;7%;0%;0%;5%;25%;2%;1%;3%;4;0%;12%;81%;78%;85%;82%;2;1,5;1,9;2;92%;100%;100%;42%;2,1;3;1,2;0,8;35%;100%;0,5;19,9;59%;100%;100%;1,2;2,6;2,7;100%;99%;92%;84%;4,8;3;4,4;1;59%;100%;100%;1;4;38,6;82%;69%
Kralingen-Crooswijk;36;Nieuw Crooswijk;100;98;101;102;106;104;92;39%;0%;1516;80%;9%;5%;73%;139;176;58%;56%;45%;0%;23%;0%;2%;0%;29%;9%;6%;1%;18;0%;5%;64%;47%;47%;47%;1,1;0,5;0,5;0,5;2%;100%;87%;100%;0;2,1;0,9;2,1;100%;100%;1,5;14,3;68%;100%;100%;0,8;3;1,9;60%;100%;100%;18%;0,6;3,1;3,4;0,2;100%;1%;100%;2,7;0;21,3;77%;69%
Kralingen-Crooswijk;37;Oud Crooswijk;96;86;105;99;114;116;93;42%;0%;1580;37%;3%;11%;74%;205;164;48%;34%;35%;0%;24%;2%;0%;5%;51%;8%;3%;2%;8;2%;2%;68%;63%;69%;63%;2,4;1,3;2,4;1,8;50%;100%;97%;100%;0,9;3;1,7;2;100%;100%;1,8;16,6;98%;100%;100%;1,7;3,5;3,1;87%;78%;89%;80%;1,3;1,2;2,9;0,9;76%;94%;100%;1;1,8;29,2;80%;62%
Kralingen-Crooswijk;41;Kralingen-west;115;115;116;108;112;116;127;27%;0%;1848;63%;4%;8%;75%;137;137;51%;45%;48%;2%;17%;1%;6%;4%;36%;8%;3%;3%;6;1%;4%;88%;87%;86%;87%;3,3;2,4;2,8;2,5;75%;100%;100%;94%;1,4;1,5;1,8;1,7;76%;100%;0,9;15,8;36%;96%;100%;0,5;3,3;3,7;99%;99%;84%;61%;5,3;4,9;4,1;1;38%;100%;100%;0,5;3,3;24,5;75%;44%
Kralingen-Crooswijk;45;De Esch;113;117;110;121;115;78;125;14%;0%;1791;0%;3%;4%;80%;43;168;58%;53%;59%;0%;25%;0%;0%;2%;32%;11%;1%;3%;11;0%;0%;31%;31%;31%;31%;0,3;0,3;0,3;0,3;0%;88%;0%;100%;0;1,4;0;1,8;44%;100%;0,4;8,8;35%;0%;0%;0,3;0;0;49%;40%;42%;40%;0,5;0,4;0,4;0,4;3%;16%;100%;0;0,2;15,4;71%;53%
Kralingen-Crooswijk;47;Struisenburg;106;122;90;117;77;101;65;8%;0%;2094;31%;9%;4%;75%;78;233;70%;67%;64%;8%;36%;7%;21%;14%;39%;9%;4%;6%;19;0%;4%;44%;46%;45%;46%;0,5;0,6;0,6;0,6;19%;100%;46%;88%;0,2;1,8;0,5;1;56%;100%;0,6;14,5;14%;56%;80%;0,1;0,7;1,5;100%;77%;78%;61%;4,3;1,5;1;0,6;78%;100%;100%;0,8;2,8;24;83%;80%
Kralingen-Crooswijk;3005;Kralingen Oost/Kralingse Bos;132;140;124;127;132;110;127;11%;1%;2616;78%;7%;4%;77%;128;166;71%;67%;83%;0%;21%;1%;0%;1%;13%;2%;1%;0%;16;0%;2%;51%;46%;48%;46%;1,7;1,4;1,7;1,2;66%;98%;24%;100%;1;1,5;0,3;1,1;42%;99%;0,4;10,1;57%;83%;84%;1;1,7;1,7;89%;64%;79%;70%;5,5;1,3;4,4;0,9;63%;99%;99%;0,7;2,4;18,3;73%;48%
Kralingen-Crooswijk;4005;Kralingen-Crooswijk;111;110;112;111;113;111;112;24%;0%;1897;43%;5%;7%;76%;137;165;56%;49%;51%;1%;20%;1%;2%;4%;32%;6%;2%;2%;10;1%;5%;68%;65%;67%;66%;2,1;1,5;1,8;1,6;56%;99%;74%;88%;1,1;2;1,1;1,5;65%;100%;0,9;15;52%;83%;87%;0,8;2,5;2,5;89%;84%;82%;64%;3,8;2,7;3,3;0,8;55%;85%;100%;0,8;2,5;25,6;74%;58%
Noord;15;Agniesebuurt;98;90;107;104;126;118;81;29%;1%;1597;65%;5%;8%;74%;231;76;52%;38%;28%;3%;4%;10%;4%;6%;16%;3%;1%;0%;19;0%;6%;97%;91%;90%;92%;3,4;2,8;3,6;3,2;100%;100%;84%;0%;1,2;1,7;0,8;0;82%;100%;0,8;16,5;24%;100%;100%;0,4;5,4;2,1;94%;89%;92%;76%;6,3;1,9;3,6;0,9;74%;100%;100%;0,8;2,8;37,1;83%;66%
Noord;16;Provenierswijk;104;99;109;108;117;119;91;24%;0%;1694;95%;6%;7%;73%;224;121;58%;40%;40%;4%;16%;7%;11%;14%;20%;10%;2%;0%;6;2%;2%;100%;100%;100%;100%;2,3;2,2;2,1;2,3;86%;100%;100%;0%;1,2;1,9;1,5;0;100%;100%;1,5;18,1;45%;100%;100%;0,8;6,6;6,2;100%;98%;97%;56%;8,5;3;3,3;0,6;46%;100%;100%;0,9;3,1;37,4;83%;56%
Noord;31;Bergpolder;109;108;109;104;134;112;88;57%;0%;1637;95%;5%;5%;78%;163;153;51%;43%;45%;0%;18%;7%;6%;9%;21%;1%;1%;1%;8;0%;12%;91%;94%;93%;93%;3,7;3,3;3,3;3,6;18%;100%;100%;45%;0,2;1,1;1;0,4;33%;100%;0,3;7,8;53%;100%;74%;0,8;3,4;1,4;98%;99%;100%;100%;4,7;4,2;6,1;1,5;16%;100%;100%;0,2;1,5;23,3;88%;48%
Noord;34;Liskwartier;107;106;107;107;122;109;90;25%;0%;1752;95%;5%;8%;76%;158;151;53%;47%;45%;1%;12%;5%;5%;5%;21%;3%;0%;2%;13;1%;8%;83%;91%;66%;67%;3,7;3,4;2,9;2,7;71%;100%;80%;52%;1,3;1,9;0,8;0,5;84%;100%;1,3;9;87%;72%;12%;1,1;2,4;0,1;99%;100%;100%;100%;2,3;2,6;6,5;2,1;61%;48%;100%;0,7;0,6;24,5;83%;57%
Noord;35;Oude Noorden;96;89;103;92;112;109;98;34%;0%;1486;80%;5%;10%;71%;169;204;52%;43%;36%;3%;19%;4%;8%;26%;42%;6%;2%;0%;11;2%;11%;89%;88%;87%;89%;5,7;4,2;4,6;4,8;94%;100%;21%;31%;1,6;2,1;0,2;0,4;87%;100%;1,5;15,7;83%;84%;62%;1,7;3,1;0,7;59%;74%;97%;83%;1,5;1,8;3,1;1,3;63%;43%;100%;0,8;1;31,3;82%;52%
Noord;3011;Blijdorp/Blijdorpsepolder;121;129;112;123;109;111;104;12%;0%;1915;80%;5%;3%;84%;40;125;62%;55%;65%;1%;11%;4%;8%;9%;16%;4%;2%;1%;23;2%;10%;71%;78%;76%;77%;1,2;1,6;1,5;1,4;83%;100%;100%;80%;1,2;1,5;1,4;1;65%;100%;0,8;12,1;61%;100%;100%;1;4,1;6,1;98%;84%;100%;77%;4,9;2,2;4,6;1;63%;100%;100%;1;1,9;26,2;82%;47%
Noord;4003;Noord;106;104;108;107;117;112;96;31%;0%;1665;85%;5%;7%;76%;176;145;55%;45%;44%;2%;14%;6%;7%;13%;24%;4%;1%;1%;14;2%;10%;86%;89%;84%;85%;3,7;3,1;3,2;3,3;75%;100%;71%;42%;1,2;1,7;0,8;0,5;73%;100%;1;12,8;66%;91%;71%;1,1;3,7;2,5;86%;87%;98%;84%;3,9;2,5;4,5;1,3;54%;75%;100%;0,7;1,6;28,8;83%;52%
Overschie;51;Kleinpolder;98;102;94;112;75;85;102;36%;0%;1576;9%;4%;6%;82%;131;196;55%;50%;49%;0%;31%;10%;14%;6%;41%;10%;5%;10%;18;0%;9%;54%;59%;57%;58%;1,5;1,5;1,5;1,3;80%;8%;100%;100%;1,2;0,1;1;3,9;55%;36%;0,5;1,2;51%;0%;0%;0,5;0;0;73%;48%;37%;86%;1,9;0,9;2;0,9;83%;2%;65%;1,5;0;1,3;73%;69%
Overschie;56;Overschie;99;103;95;105;98;71;107;30%;3%;1724;78%;6%;7%;73%;435;254;57%;49%;51%;2%;24%;2%;3%;3%;14%;9%;4%;9%;8;0%;7%;42%;15%;15%;36%;0,7;0,3;0,4;0,8;26%;5%;57%;100%;0,5;0;0,6;2,6;86%;1%;1,2;0;22%;0%;0%;0,2;0;0;53%;58%;50%;11%;1,1;1,7;0,9;0,1;73%;4%;10%;1,4;0;0,2;70%;72%
Overschie;3006;NoordKethel/Schieveen/Zestienhoven;111;124;99;124;65;62;146;0%;21%;2218;30%;3%;8%;71%;98;184;75%;70%;75%;6%;30%;5%;7%;2%;20%;7%;5%;13%;35;0%;0%;0%;0%;0%;0%;0;0;0;0;0%;20%;8%;85%;0;0,2;0,1;2;31%;10%;0,4;0,1;20%;0%;5%;0,4;0;0;36%;6%;30%;1%;0,4;0,1;0,3;0;21%;45%;56%;0,3;0,7;2,9;56%;48%
Overschie;4002;Overschie;102;105;98;109;80;79;124;29%;4%;1714;40%;4%;7%;77%;261;234;58%;53%;53%;3%;28%;5%;7%;3%;24%;8%;5%;11%;17;0%;7%;42%;34%;33%;42%;1;0,8;0,9;0,9;48%;8%;71%;98%;0,7;0,1;0,7;3,1;64%;19%;0,8;0,6;36%;0%;1%;0,4;0;0;60%;46%;41%;45%;1,4;1,1;1,3;0,5;71%;8%;42%;1,3;0,1;1,1;59%;67%
Pernis;91;Pernis;105;117;93;106;101;79;85;0%;28%;1634;36%;3%;6%;78%;38;247;71%;55%;57%;4%;13%;6%;9%;12%;8%;11%;6%;7%;3;0%;0%;37%;40%;42%;60%;0,7;0,4;0,8;0,8;43%;0%;100%;100%;0,4;0;1;2;59%;0%;0,6;0;38%;0%;0%;0,6;0;0;0%;59%;43%;0%;0;1,4;1,3;0;84%;100%;0%;2,3;1;0;76%;78%
Pernis;4010;Pernis;105;117;93;106;101;79;85;0%;28%;1634;36%;3%;6%;78%;38;247;71%;55%;57%;4%;13%;6%;9%;12%;8%;11%;6%;7%;3;0%;0%;37%;40%;42%;60%;0,7;0,4;0,8;0,8;43%;0%;100%;100%;0,4;0;1;2;59%;0%;0,6;0;38%;0%;0%;0,6;0;0;0%;59%;43%;0%;0;1,4;1,3;0;84%;100%;0%;2,3;1;0;76%;78%
Prins Alexander;44;s-Gravenland;130;149;110;135;93;80;133;0%;0%;2427;11%;3%;4%;80%;54;274;81%;76%;80%;4%;23%;8%;3%;6%;19%;8%;2%;9%;11;0%;11%;41%;45%;44%;45%;0,5;0,4;0,6;0,6;18%;42%;26%;53%;0,2;0,4;0,3;0,5;31%;1%;0,3;0;32%;13%;5%;0,7;0,2;0;77%;64%;75%;19%;1,3;1,1;1,6;0,2;60%;100%;37%;1,2;2,4;1;70%;50%
Prins Alexander;46;Kralingseveer;115;120;110;113;122;65;141;7%;21%;1627;21%;5%;8%;71%;336;158;73%;46%;49%;4%;27%;0%;2%;7%;18%;0%;1%;0%;38;0%;0%;81%;89%;88%;89%;0,8;0,9;0,9;0,9;0%;0%;0%;100%;0;0;0;1;100%;98%;1;1;0%;0%;0%;0;0;0;0%;0%;0%;0%;0;0;0;0;0%;83%;20%;0;0,8;0,2;77%;31%
Prins Alexander;48;Prinsenland;121;128;115;133;103;95;129;9%;0%;1888;4%;2%;3%;84%;96;163;63%;65%;60%;2%;17%;8%;3%;9%;32%;8%;3%;6%;7;0%;0%;20%;22%;21%;22%;0,5;0,4;0,5;0,4;53%;100%;99%;100%;0,9;1;1;1,8;83%;0%;0,9;0;40%;67%;73%;0,4;2,1;1,6;60%;22%;43%;36%;1;0,6;0,9;0,4;94%;70%;27%;1,6;2,1;0,3;68%;56%
Prins Alexander;49;Het Lage Land;112;119;106;118;104;99;101;14%;0%;1589;5%;4%;4%;81%;131;198;59%;52%;52%;8%;9%;4%;2%;2%;24%;12%;1%;5%;11;0%;4%;44%;47%;48%;48%;1,4;1,2;1,2;1,4;58%;86%;64%;96%;0,9;1,3;0,6;1,9;79%;0%;0,8;0;30%;90%;81%;0,3;3,2;2,3;93%;86%;75%;78%;2,1;2,1;1,7;0,8;84%;83%;0%;1,3;2,3;0;73%;71%
Prins Alexander;63;Ommoord;122;119;125;133;122;92;152;1%;0%;1609;13%;3%;2%;86%;119;147;63%;55%;60%;2%;15%;6%;4%;3%;21%;10%;0%;2%;5;0%;5%;45%;48%;48%;48%;1,4;1,2;1,2;1,9;39%;95%;1%;51%;0,4;1,2;0;0,8;53%;62%;0,5;0,6;41%;30%;41%;0,5;0,3;0,4;56%;74%;73%;66%;1,2;1,9;1,5;0,8;63%;100%;0%;1;4;0;67%;41%
Prins Alexander;66;Zevenkamp;113;106;120;131;112;89;148;9%;0%;1542;0%;2%;5%;78%;242;130;66%;56%;48%;4%;30%;6%;10%;8%;35%;10%;3%;1%;5;0%;4%;35%;39%;38%;39%;0,7;0,7;0,7;0,9;57%;100%;99%;84%;0,6;1;1;1,4;69%;100%;0,7;1;54%;55%;67%;0,5;0,5;0,7;50%;55%;9%;47%;0,6;0,8;0,2;0,5;47%;100%;0%;0,9;3,4;0;66%;46%
Prins Alexander;67;Oosterflank;112;109;115;119;115;96;131;14%;0%;1534;0%;2%;5%;80%;140;182;55%;53%;46%;5%;25%;5%;6%;5%;35%;12%;1%;1%;8;0%;5%;52%;55%;55%;56%;1;0,7;0,9;1,7;84%;100%;29%;100%;1,5;1,6;0,3;1,4;36%;0%;0,4;0;40%;100%;100%;0,9;3,9;3,9;60%;66%;91%;47%;1;1,2;1,8;0,5;79%;100%;0%;1,6;3,2;0;70%;50%
Prins Alexander;68;Nesselande;135;149;121;122;134;70;159;0%;2%;2450;3%;3%;10%;65%;0;201;85%;85%;84%;3%;27%;1%;2%;9%;21%;2%;1%;2%;2;0%;2%;18%;18%;18%;18%;0,5;0,3;0,3;0,7;33%;8%;7%;0%;0,3;0,1;0,1;0;0%;7%;0;0,1;22%;0%;0%;0,3;0;0;76%;62%;73%;40%;1,1;0,9;1;0,4;61%;96%;0%;0,9;1,3;0;58%;38%
Prins Alexander;4006;Prins Alexander;120;122;119;128;111;92;144;6%;1%;1761;6%;3%;4%;81%;147;177;66%;60%;59%;4%;22%;5%;5%;6%;27%;9%;1%;3%;7;0%;5%;39%;42%;41%;42%;1;0,8;0,9;1,3;48%;82%;42%;69%;0,7;1;0,4;1,1;54%;36%;0,6;0,4;38%;49%;54%;0,5;1,3;1,2;63%;62%;61%;52%;1,1;1,3;1,2;0,6;67%;94%;6%;1,2;3;0,1;66%;49%
Rotterdam Centrum;10;Stadsdriehoek;109;117;102;133;115;106;53;9%;0%;2293;0%;8%;3%;78%;234;146;64%;56%;61%;1%;8%;5%;6%;2%;5%;3%;1%;1%;25;1%;6%;92%;93%;92%;94%;3,4;2,5;3,1;3,3;35%;63%;51%;0%;0,4;0,8;0,5;0;0%;100%;0;20,8;14%;32%;89%;0,3;0,6;1,2;100%;76%;100%;65%;7;1,5;5,1;1;83%;100%;100%;1,3;5,8;44;89%;78%
Rotterdam Centrum;11;Oude Westen;95;83;106;113;119;123;70;30%;0%;1517;89%;5%;9%;74%;300;90;56%;50%;42%;1%;8%;3%;5%;3%;13%;6%;1%;1%;15;2%;3%;97%;97%;98%;97%;5,3;2,9;4,9;4,1;83%;100%;100%;0%;1,2;1;1;0;85%;100%;1;18,9;73%;100%;100%;1,4;2,1;7,4;100%;88%;94%;95%;3,9;1,8;6,3;1,2;61%;100%;100%;1,6;5,8;42,4;88%;64%
Rotterdam Centrum;12;Cool;102;101;103;116;118;110;69;8%;0%;2073;58%;14%;3%;70%;217;82;56%;48%;51%;0%;5%;3%;7%;1%;4%;3%;0%;1%;37;1%;7%;100%;99%;99%;100%;3,2;2,8;2,4;4,1;28%;72%;64%;0%;0,3;0,7;0,6;0;56%;100%;0,6;17,9;28%;73%;100%;0,5;1,3;3,4;100%;96%;78%;92%;4;2,6;1,5;1,3;55%;100%;100%;0,8;6,6;44,7;89%;62%
Rotterdam Centrum;13;CS-kwartier;113;129;98;120;131;101;39;0%;0%;1863;0%;10%;3%;76%;13;207;69%;65%;62%;0%;1%;0%;1%;0%;0%;1%;0%;1%;69;0%;6%;0%;24%;0%;37%;0;0,2;0;0,9;63%;100%;75%;0%;1;1,1;0,8;0;75%;100%;1,5;19,7;11%;100%;100%;0,1;5,2;5,3;100%;81%;73%;11%;2,3;1,4;1;0,1;100%;100%;100%;4;4,6;44;90%;100%
Rotterdam Centrum;3003;Nieuwe Werk/Dijkzigt;103;115;90;112;98;88;63;0%;0%;2897;52%;16%;3%;69%;0;212;76%;70%;70%;0%;18%;8%;5%;0%;9%;2%;1%;4%;69;0%;4%;71%;52%;51%;52%;1,1;0,5;0,5;0,5;9%;19%;0%;0%;0,1;0,2;0;0;9%;100%;0,2;15,1;10%;17%;100%;0,1;0,4;1,5;90%;89%;51%;1%;5,1;3;0,7;0;9%;100%;100%;0,1;4,6;34,2;81%;88%
Rotterdam Centrum;4000;Rotterdam Centrum;104;105;103;122;114;112;64;13%;0%;2079;35%;9%;4%;75%;258;143;62%;54%;55%;1%;7%;3%;5%;2%;6%;3%;1%;1%;29;1%;6%;91%;91%;90%;92%;3,6;2,5;3,2;3,4;45%;72%;64%;0%;0,6;0,8;0,6;0;33%;100%;0,4;19,5;31%;57%;95%;0,6;1,3;3,2;99%;84%;91%;72%;5,5;1,9;4,4;1;70%;100%;100%;1,3;5,8;43,2;87%;73%
Rozenburg;4;Rozenburg;114;122;106;126;111;65;122;0%;7%;1614;;4%;3%;80%;164;294;78%;67%;71%;1%;27%;4%;0%;16%;11%;4%;3%;8%;3;1%;7%;32%;37%;37%;39%;0,4;0,4;0,5;0,5;8%;67%;62%;73%;0,1;0,7;0,6;0,7;0%;0%;0;0;24%;53%;60%;0,4;0,5;0,6;50%;41%;22%;18%;0,8;0,5;0,2;0,2;61%;0%;0%;0,9;0;0;59%;69%
Rozenburg;4013;Rozenburg;114;122;106;126;111;65;122;0%;7%;1614;;4%;3%;80%;164;294;78%;67%;71%;1%;27%;4%;0%;16%;11%;4%;3%;8%;3;1%;7%;32%;37%;37%;39%;0,4;0,4;0,5;0,5;8%;67%;62%;73%;0,1;0,7;0,6;0,7;0%;0%;0;0;24%;53%;60%;0,4;0,5;0,6;50%;41%;22%;18%;0,8;0,5;0,2;0,2;61%;0%;0%;0,9;0;0;59%;69%
Rotterdam;5000;Rotterdam;107;103;112;108;106;102;132;24%;3%;1644;41%;5%;7%;76%;179;188;60%;51%;50%;3%;21%;4%;5%;7%;25%;6%;2%;3%;11;2%;7%;62%;62%;62%;62%;2,2;1,8;2,1;2,1;56%;74%;54%;63%;0,9;1,1;0,6;1,3;70%;74%;1,2;9,6;52%;69%;67%;0,8;1,7;1,5;74%;66%;71%;61%;2,2;1,5;2,4;0,8;69%;71%;73%;1,2;1,9;14,7;68%;55%
